  0.0000,    0.000E+00,    0.000E+00,    0.000E+00
  0.0167,    0.000E+00,    0.000E+00,    0.000E+00
  0.0333,    0.000E+00,    0.000E+00,    0.000E+00
  0.0500,    0.000E+00,    0.000E+00,    0.000E+00
  0.0667,    0.000E+00,    0.000E+00,    0.000E+00
  0.0833,    0.000E+00,    0.000E+00,    0.000E+00
  0.1000,    0.000E+00,    0.000E+00,    0.000E+00
  0.1167,    0.000E+00,    0.000E+00,    0.000E+00
  0.1333,    0.000E+00,    0.000E+00,    0.000E+00
  0.1500,    0.000E+00,    0.000E+00,    0.000E+00
  0.1667,    0.000E+00,    0.000E+00,    0.000E+00
  0.1833,    0.000E+00,    0.000E+00,    0.000E+00
  0.2000,    0.000E+00,    0.000E+00,    0.000E+00
  0.2167,    0.000E+00,    0.000E+00,    0.000E+00
  0.2333,    0.000E+00,    0.000E+00,    0.000E+00
  0.2500,    0.000E+00,    0.000E+00,    0.000E+00
  0.2667,    0.000E+00,    0.000E+00,    0.000E+00
  0.2833,    0.000E+00,    0.000E+00,    0.000E+00
  0.3000,    0.000E+00,    0.000E+00,    0.000E+00
  0.3167,    0.000E+00,    0.000E+00,    0.000E+00
  0.3333,    0.000E+00,    0.000E+00,    0.000E+00
  0.3500,    0.000E+00,    0.000E+00,    0.000E+00
  0.3667,    0.000E+00,    0.000E+00,    0.000E+00
  0.3833,    0.000E+00,    0.000E+00,    0.000E+00
  0.4000,    0.000E+00,    0.000E+00,    0.000E+00
  0.4167,    0.000E+00,    0.000E+00,    0.000E+00
  0.4333,    0.000E+00,    0.000E+00,    0.000E+00
  0.4500,    0.000E+00,    0.000E+00,    0.000E+00
  0.4667,    0.000E+00,    0.000E+00,    0.000E+00
  0.4833,    0.000E+00,    0.000E+00,    0.000E+00
  0.5000,    0.000E+00,    0.000E+00,    0.000E+00
  0.5167,    0.000E+00,    0.000E+00,    0.000E+00
  0.5333,    0.000E+00,    0.000E+00,    0.000E+00
  0.5500,    0.000E+00,    0.000E+00,    0.000E+00
  0.5667,    0.000E+00,    0.000E+00,    0.000E+00
  0.5833,    0.000E+00,    0.000E+00,    0.000E+00
  0.6000,    0.000E+00,    0.000E+00,    0.000E+00
  0.6167,    0.000E+00,    0.000E+00,    0.000E+00
  0.6333,    0.000E+00,    0.000E+00,    0.000E+00
  0.6500,    0.000E+00,    0.000E+00,    0.000E+00
  0.6667,    0.000E+00,    0.000E+00,    0.000E+00
  0.6833,    0.000E+00,    0.000E+00,    0.000E+00
  0.7000,    0.000E+00,    0.000E+00,    0.000E+00
  0.7167,    0.000E+00,    0.000E+00,    0.000E+00
  0.7333,    0.000E+00,    0.000E+00,    0.000E+00
  0.7500,    0.000E+00,    0.000E+00,    0.000E+00
  0.7667,    0.000E+00,    0.000E+00,    0.000E+00
  0.7833,    0.000E+00,    0.000E+00,    0.000E+00
  0.8000,    0.000E+00,    0.000E+00,    0.000E+00
  0.8167,    0.000E+00,    0.000E+00,    0.000E+00
  0.8333,    0.000E+00,    0.000E+00,    0.000E+00
  0.8500,    0.000E+00,    0.000E+00,    0.000E+00
  0.8667,    0.000E+00,    0.000E+00,    0.000E+00
  0.8833,    0.000E+00,    0.000E+00,    0.000E+00
  0.9000,    0.000E+00,    0.000E+00,    0.000E+00
  0.9167,    0.000E+00,    0.000E+00,    0.000E+00
  0.9333,    0.000E+00,    0.000E+00,    0.000E+00
  0.9500,    0.000E+00,    0.000E+00,    0.000E+00
  0.9667,    0.000E+00,    0.000E+00,    0.000E+00
  0.9833,    0.000E+00,    0.000E+00,    0.000E+00
  1.0000,    0.000E+00,    0.000E+00,    0.000E+00
  1.0167,    0.000E+00,    0.000E+00,    0.000E+00
  1.0333,    0.000E+00,    0.000E+00,    0.000E+00
  1.0500,    0.000E+00,    0.000E+00,    0.000E+00
  1.0667,    0.000E+00,    0.000E+00,    0.000E+00
  1.0833,    0.000E+00,    0.000E+00,    0.000E+00
  1.1000,    0.000E+00,    0.000E+00,    0.000E+00
  1.1167,    0.000E+00,    0.000E+00,    0.000E+00
  1.1333,    0.000E+00,    0.000E+00,    0.000E+00
  1.1500,    0.000E+00,    0.000E+00,    0.000E+00
  1.1667,    0.000E+00,    0.000E+00,    0.000E+00
  1.1833,    0.000E+00,    0.000E+00,    0.000E+00
  1.2000,    0.000E+00,    0.000E+00,    0.000E+00
  1.2167,    0.000E+00,    0.000E+00,    0.000E+00
  1.2333,    0.000E+00,    0.000E+00,    0.000E+00
  1.2500,    0.000E+00,    0.000E+00,    0.000E+00
  1.2667,    0.000E+00,    0.000E+00,    0.000E+00
  1.2833,    0.000E+00,    0.000E+00,    0.000E+00
  1.3000,    0.000E+00,    0.000E+00,    0.000E+00
  1.3167,    0.000E+00,    0.000E+00,    0.000E+00
  1.3333,    0.000E+00,    0.000E+00,    0.000E+00
  1.3500,    0.000E+00,    0.000E+00,    0.000E+00
  1.3667,    0.000E+00,    0.000E+00,    0.000E+00
  1.3833,    0.000E+00,    0.000E+00,    0.000E+00
  1.4000,    0.000E+00,    0.000E+00,    0.000E+00
  1.4167,    0.000E+00,    0.000E+00,    0.000E+00
  1.4333,    0.000E+00,    0.000E+00,    0.000E+00
  1.4500,    0.000E+00,    0.000E+00,    0.000E+00
  1.4667,    0.000E+00,    0.000E+00,    0.000E+00
  1.4833,    0.000E+00,    0.000E+00,    0.000E+00
  1.5000,    0.000E+00,    0.000E+00,    0.000E+00
  1.5167,    0.000E+00,    0.000E+00,    0.000E+00
  1.5333,    0.000E+00,    0.000E+00,    0.000E+00
  1.5500,    0.000E+00,    0.000E+00,    0.000E+00
  1.5667,    0.000E+00,    0.000E+00,    0.000E+00
  1.5833,    0.000E+00,    0.000E+00,    0.000E+00
  1.6000,    0.000E+00,    0.000E+00,    0.000E+00
  1.6167,    0.000E+00,    0.000E+00,    0.000E+00
  1.6333,    0.000E+00,    0.000E+00,    0.000E+00
  1.6500,    0.000E+00,    0.000E+00,    0.000E+00
  1.6667,    0.000E+00,    0.000E+00,    0.000E+00
  1.6833,    0.000E+00,    0.000E+00,    0.000E+00
  1.7000,    0.000E+00,    0.000E+00,    0.000E+00
  1.7167,    0.000E+00,    0.000E+00,    0.000E+00
  1.7333,    0.000E+00,    0.000E+00,    0.000E+00
  1.7500,    0.000E+00,    0.000E+00,    0.000E+00
  1.7667,    0.000E+00,    0.000E+00,    0.000E+00
  1.7833,    0.000E+00,    0.000E+00,    0.000E+00
  1.8000,    0.000E+00,    0.000E+00,    0.000E+00
  1.8167,    0.000E+00,    0.000E+00,    0.000E+00
  1.8333,    0.000E+00,    0.000E+00,    0.000E+00
  1.8500,    0.000E+00,    0.000E+00,    0.000E+00
  1.8667,    0.000E+00,    0.000E+00,    0.000E+00
  1.8833,    0.000E+00,    0.000E+00,    0.000E+00
  1.9000,    0.000E+00,    0.000E+00,    0.000E+00
  1.9167,    0.000E+00,    0.000E+00,    0.000E+00
  1.9333,    0.000E+00,    0.000E+00,    0.000E+00
  1.9500,    0.000E+00,    0.000E+00,    0.000E+00
  1.9667,    0.000E+00,    0.000E+00,    0.000E+00
  1.9833,    0.000E+00,    0.000E+00,    0.000E+00
  2.0000,    0.000E+00,    0.000E+00,    0.000E+00
  2.0167,    0.000E+00,    0.000E+00,    0.000E+00
  2.0333,    0.000E+00,    0.000E+00,    0.000E+00
  2.0500,    0.000E+00,    0.000E+00,    0.000E+00
  2.0667,    0.000E+00,    0.000E+00,    0.000E+00
  2.0833,    0.000E+00,    0.000E+00,    0.000E+00
  2.1000,    0.000E+00,    0.000E+00,    0.000E+00
  2.1167,    0.000E+00,    0.000E+00,    0.000E+00
  2.1333,    0.000E+00,    0.000E+00,    0.000E+00
  2.1500,    0.000E+00,    0.000E+00,    0.000E+00
  2.1667,    0.000E+00,    0.000E+00,    0.000E+00
  2.1833,    0.000E+00,    0.000E+00,    0.000E+00
  2.2000,    0.000E+00,    0.000E+00,    0.000E+00
  2.2167,    0.000E+00,    0.000E+00,    0.000E+00
  2.2333,    0.000E+00,    0.000E+00,    0.000E+00
  2.2500,    0.000E+00,    0.000E+00,    0.000E+00
  2.2667,    0.000E+00,    0.000E+00,    0.000E+00
  2.2833,    0.000E+00,    0.000E+00,    0.000E+00
  2.3000,    0.000E+00,    0.000E+00,    0.000E+00
  2.3167,    0.000E+00,    0.000E+00,    0.000E+00
  2.3333,    0.000E+00,    0.000E+00,    0.000E+00
  2.3500,    0.000E+00,    0.000E+00,    0.000E+00
  2.3667,    0.000E+00,    0.000E+00,    0.000E+00
  2.3833,    0.000E+00,    0.000E+00,    0.000E+00
  2.4000,    0.000E+00,    0.000E+00,    0.000E+00
  2.4167,    0.000E+00,    0.000E+00,    0.000E+00
  2.4333,    0.000E+00,    0.000E+00,    0.000E+00
  2.4500,    0.000E+00,    0.000E+00,    0.000E+00
  2.4667,    0.000E+00,    0.000E+00,    0.000E+00
  2.4833,    0.000E+00,    0.000E+00,    0.000E+00
  2.5000,    0.000E+00,    0.000E+00,    0.000E+00
  2.5167,    0.000E+00,    0.000E+00,    0.000E+00
  2.5333,    0.000E+00,    0.000E+00,    0.000E+00
  2.5500,    0.000E+00,    0.000E+00,    0.000E+00
  2.5667,    0.000E+00,    0.000E+00,    0.000E+00
  2.5833,    0.000E+00,    0.000E+00,    0.000E+00
  2.6000,    0.000E+00,    0.000E+00,    0.000E+00
  2.6167,    0.000E+00,    0.000E+00,    0.000E+00
  2.6333,    0.000E+00,    0.000E+00,    0.000E+00
  2.6500,    0.000E+00,    0.000E+00,    0.000E+00
  2.6667,    0.000E+00,    0.000E+00,    0.000E+00
  2.6833,    0.000E+00,    0.000E+00,    0.000E+00
  2.7000,    0.000E+00,    0.000E+00,    0.000E+00
  2.7167,    0.000E+00,    0.000E+00,    0.000E+00
  2.7333,    0.000E+00,    0.000E+00,    0.000E+00
  2.7500,    0.000E+00,    0.000E+00,    0.000E+00
  2.7667,    0.000E+00,    0.000E+00,    0.000E+00
  2.7833,    0.000E+00,    0.000E+00,    0.000E+00
  2.8000,    0.000E+00,    0.000E+00,    0.000E+00
  2.8167,    0.000E+00,    0.000E+00,    0.000E+00
  2.8333,    0.000E+00,    0.000E+00,    0.000E+00
  2.8500,    0.000E+00,    0.000E+00,    0.000E+00
  2.8667,    0.000E+00,    0.000E+00,    0.000E+00
  2.8833,    0.000E+00,    0.000E+00,    0.000E+00
  2.9000,    0.000E+00,    0.000E+00,    0.000E+00
  2.9167,    0.000E+00,    0.000E+00,    0.000E+00
  2.9333,    0.000E+00,    0.000E+00,    0.000E+00
  2.9500,    0.000E+00,    0.000E+00,    0.000E+00
  2.9667,    0.000E+00,    0.000E+00,    0.000E+00
  2.9833,    0.000E+00,    0.000E+00,    0.000E+00
  3.0000,    0.000E+00,    0.000E+00,    0.000E+00
  3.0167,    0.000E+00,    0.000E+00,    0.000E+00
  3.0333,    0.000E+00,    0.000E+00,    0.000E+00
  3.0500,    0.000E+00,    0.000E+00,    0.000E+00
  3.0667,    0.000E+00,    0.000E+00,    0.000E+00
  3.0833,    0.000E+00,    0.000E+00,    0.000E+00
  3.1000,    0.000E+00,    0.000E+00,    0.000E+00
  3.1167,    0.000E+00,    0.000E+00,    0.000E+00
  3.1333,    0.000E+00,    0.000E+00,    0.000E+00
  3.1500,    0.000E+00,    0.000E+00,    0.000E+00
  3.1667,    0.000E+00,    0.000E+00,    0.000E+00
  3.1833,    0.000E+00,    0.000E+00,    0.000E+00
  3.2000,    0.000E+00,    0.000E+00,    0.000E+00
  3.2167,    0.000E+00,    0.000E+00,    0.000E+00
  3.2333,    0.000E+00,    0.000E+00,    0.000E+00
  3.2500,    0.000E+00,    0.000E+00,    0.000E+00
  3.2667,    0.000E+00,    0.000E+00,    0.000E+00
  3.2833,    0.000E+00,    0.000E+00,    0.000E+00
  3.3000,    0.000E+00,    0.000E+00,    0.000E+00
  3.3167,    0.000E+00,    0.000E+00,    0.000E+00
  3.3333,    0.000E+00,    0.000E+00,    0.000E+00
  3.3500,    0.000E+00,    0.000E+00,    0.000E+00
  3.3667,    0.000E+00,    0.000E+00,    0.000E+00
  3.3833,    0.000E+00,    0.000E+00,    0.000E+00
  3.4000,    0.000E+00,    0.000E+00,    0.000E+00
  3.4167,    0.000E+00,    0.000E+00,    0.000E+00
  3.4333,    0.000E+00,    0.000E+00,    0.000E+00
  3.4500,    0.000E+00,    0.000E+00,    0.000E+00
  3.4667,    0.000E+00,    0.000E+00,    0.000E+00
  3.4833,    0.000E+00,    0.000E+00,    0.000E+00
  3.5000,    0.000E+00,    0.000E+00,    0.000E+00
  3.5167,    0.000E+00,    0.000E+00,    0.000E+00
  3.5333,    0.000E+00,    0.000E+00,    0.000E+00
  3.5500,    0.000E+00,    0.000E+00,    0.000E+00
  3.5667,    0.000E+00,    0.000E+00,    0.000E+00
  3.5833,    0.000E+00,    0.000E+00,    0.000E+00
  3.6000,    0.000E+00,    0.000E+00,    0.000E+00
  3.6167,    0.000E+00,    0.000E+00,    0.000E+00
  3.6333,    0.000E+00,    0.000E+00,    0.000E+00
  3.6500,    0.000E+00,    0.000E+00,    0.000E+00
  3.6667,    0.000E+00,    0.000E+00,    0.000E+00
  3.6833,    0.000E+00,    0.000E+00,    0.000E+00
  3.7000,    0.000E+00,    0.000E+00,    0.000E+00
  3.7167,    0.000E+00,    0.000E+00,    0.000E+00
  3.7333,    0.000E+00,    0.000E+00,    0.000E+00
  3.7500,    0.000E+00,    0.000E+00,    0.000E+00
  3.7667,    0.000E+00,    0.000E+00,    0.000E+00
  3.7833,    0.000E+00,    0.000E+00,    0.000E+00
  3.8000,    0.000E+00,    0.000E+00,    0.000E+00
  3.8167,    0.000E+00,    0.000E+00,    0.000E+00
  3.8333,    0.000E+00,    0.000E+00,    0.000E+00
  3.8500,    0.000E+00,    0.000E+00,    0.000E+00
  3.8667,    6.730E+07,    3.143E+07,    5.928E+07
  3.8833,    6.048E+07,    2.832E+07,    5.373E+07
  3.9000,    5.292E+07,    2.486E+07,    4.689E+07
  3.9167,    4.570E+07,    2.193E+07,    4.146E+07
  3.9333,    3.941E+07,    1.907E+07,    3.663E+07
  3.9500,    3.447E+07,    1.661E+07,    3.234E+07
  3.9667,    3.015E+07,    1.460E+07,    2.821E+07
  3.9833,    2.610E+07,    1.284E+07,    2.462E+07
  4.0000,    2.271E+07,    1.125E+07,    2.183E+07
  4.0167,    2.010E+07,    9.846E+06,    1.915E+07
  4.0333,    1.793E+07,    8.836E+06,    1.692E+07
  4.0500,    1.596E+07,    8.013E+06,    1.520E+07
  4.0667,    1.434E+07,    7.289E+06,    1.372E+07
  4.0833,    1.309E+07,    6.583E+06,    1.230E+07
  4.1000,    1.199E+07,    6.023E+06,    1.107E+07
  4.1167,    1.092E+07,    5.548E+06,    1.007E+07
  4.1333,    9.961E+06,    5.188E+06,    9.179E+06
  4.1500,    9.186E+06,    4.813E+06,    8.284E+06
  4.1667,    8.500E+06,    4.622E+06,    7.503E+06
  4.1833,    7.846E+06,    4.420E+06,    6.872E+06
  4.2000,    7.216E+06,    4.221E+06,    6.283E+06
  4.2167,    6.649E+06,    3.895E+06,    5.676E+06
  4.2333,    6.084E+06,    3.616E+06,    5.112E+06
  4.2500,    5.498E+06,    3.358E+06,    4.643E+06
  4.2667,    4.939E+06,    3.167E+06,    4.225E+06
  4.2833,    4.461E+06,    2.939E+06,    3.787E+06
  4.3000,    4.038E+06,    2.755E+06,    3.398E+06
  4.3167,    3.638E+06,    2.640E+06,    3.092E+06
  4.3333,    3.298E+06,    2.458E+06,    2.815E+06
  4.3500,    3.014E+06,    2.255E+06,    2.525E+06
  4.3667,    2.789E+06,    2.191E+06,    2.288E+06
  4.3833,    2.574E+06,    2.016E+06,    2.088E+06
  4.4000,    2.378E+06,    1.861E+06,    1.907E+06
  4.4167,    2.216E+06,    1.742E+06,    1.726E+06
  4.4333,    2.075E+06,    1.632E+06,    1.565E+06
  4.4500,    1.909E+06,    1.483E+06,    1.425E+06
  4.4667,    1.765E+06,    1.352E+06,    1.305E+06
  4.4833,    1.646E+06,    1.207E+06,    1.178E+06
  4.5000,    1.540E+06,    1.065E+06,    1.065E+06
  4.5167,    1.426E+06,    9.470E+05,    9.649E+05
  4.5333,    1.332E+06,    8.381E+05,    8.798E+05
  4.5500,    1.256E+06,    7.451E+05,    7.990E+05
  4.5667,    1.183E+06,    7.115E+05,    7.263E+05
  4.5833,    1.122E+06,    6.726E+05,    6.681E+05
  4.6000,    1.061E+06,    6.295E+05,    6.157E+05
  4.6167,    1.017E+06,    5.973E+05,    5.618E+05
  4.6333,    9.713E+05,    5.630E+05,    5.115E+05
  4.6500,    9.369E+05,    5.404E+05,    4.720E+05
  4.6667,    8.973E+05,    5.127E+05,    4.354E+05
  4.6833,    8.619E+05,    4.806E+05,    3.970E+05
  4.7000,    8.291E+05,    4.515E+05,    3.578E+05
  4.7167,    7.953E+05,    4.248E+05,    3.288E+05
  4.7333,    7.666E+05,    4.074E+05,    3.031E+05
  4.7500,    7.416E+05,    3.952E+05,    2.783E+05
  4.7667,    7.137E+05,    3.945E+05,    2.603E+05
  4.7833,    6.958E+05,    3.970E+05,    2.389E+05
  4.8000,    6.793E+05,    3.863E+05,    2.265E+05
  4.8167,    6.612E+05,    3.722E+05,    2.043E+05
  4.8333,    6.529E+05,    3.646E+05,    1.889E+05
  4.8500,    6.379E+05,    3.533E+05,    1.780E+05
  4.8667,    6.233E+05,    3.469E+05,    1.620E+05
  4.8833,    6.179E+05,    3.451E+05,    1.514E+05
  4.9000,    6.084E+05,    3.425E+05,    1.429E+05
  4.9167,    6.036E+05,    3.403E+05,    1.355E+05
  4.9333,    5.896E+05,    3.455E+05,    1.264E+05
  4.9500,    5.902E+05,    3.764E+05,    1.265E+05
  4.9667,    5.887E+05,    3.638E+05,    1.160E+05
  4.9833,    5.805E+05,    3.624E+05,    1.120E+05
  5.0000,    5.820E+05,    3.646E+05,    1.086E+05
  5.0167,    5.791E+05,    3.522E+05,    1.035E+05
  5.0333,    5.678E+05,    3.359E+05,    9.104E+04
  5.0500,    5.620E+05,    3.366E+05,    9.128E+04
  5.0667,    5.587E+05,    3.286E+05,    8.767E+04
  5.0833,    5.532E+05,    3.270E+05,    8.335E+04
  5.1000,    5.498E+05,    3.212E+05,    7.817E+04
  5.1167,    5.447E+05,    3.090E+05,    7.365E+04
  5.1333,    5.426E+05,    3.070E+05,    7.311E+04
  5.1500,    5.383E+05,    3.037E+05,    7.005E+04
  5.1667,    5.362E+05,    3.017E+05,    6.411E+04
  5.1833,    5.350E+05,    3.101E+05,    6.196E+04
  5.2000,    5.308E+05,    3.066E+05,    6.171E+04
  5.2167,    5.310E+05,    3.095E+05,    6.258E+04
  5.2333,    5.273E+05,    3.088E+05,    5.847E+04
  5.2500,    5.260E+05,    3.106E+05,    5.730E+04
  5.2667,    5.267E+05,    3.066E+05,    5.351E+04
  5.2833,    5.298E+05,    3.041E+05,    5.472E+04
  5.3000,    5.228E+05,    3.033E+05,    5.490E+04
  5.3167,    5.215E+05,    3.058E+05,    5.219E+04
  5.3333,    5.150E+05,    3.019E+05,    5.178E+04
  5.3500,    5.152E+05,    3.067E+05,    5.186E+04
  5.3667,    5.218E+05,    3.062E+05,    4.352E+04
  5.3833,    5.157E+05,    3.109E+05,    5.225E+04
  5.4000,    5.149E+05,    3.163E+05,    5.169E+04
  5.4167,    5.188E+05,    3.242E+05,    4.651E+04
  5.4333,    5.198E+05,    3.280E+05,    5.333E+04
  5.4500,    5.207E+05,    3.383E+05,    5.336E+04
  5.4667,    5.187E+05,    3.450E+05,    5.062E+04
  5.4833,    5.256E+05,    3.523E+05,    4.947E+04
  5.5000,    5.273E+05,    3.565E+05,    5.365E+04
  5.5167,    5.353E+05,    3.721E+05,    5.412E+04
  5.5333,    5.356E+05,    3.822E+05,    5.216E+04
  5.5500,    5.395E+05,    3.872E+05,    5.299E+04
  5.5667,    5.415E+05,    4.053E+05,    5.158E+04
  5.5833,    5.481E+05,    4.140E+05,    5.528E+04
  5.6000,    5.420E+05,    4.279E+05,    5.889E+04
  5.6167,    5.515E+05,    4.324E+05,    5.640E+04
  5.6333,    5.501E+05,    4.418E+05,    5.617E+04
  5.6500,    5.504E+05,    4.556E+05,    6.091E+04
  5.6667,    5.574E+05,    4.693E+05,    5.821E+04
  5.6833,    5.653E+05,    4.818E+05,    6.615E+04
  5.7000,    5.702E+05,    5.004E+05,    6.465E+04
  5.7167,    5.878E+05,    5.136E+05,    6.501E+04
  5.7333,    5.895E+05,    5.190E+05,    6.930E+04
  5.7500,    6.063E+05,    5.268E+05,    6.706E+04
  5.7667,    6.209E+05,    5.638E+05,    7.018E+04
  5.7833,    6.362E+05,    6.013E+05,    7.797E+04
  5.8000,    6.480E+05,    6.294E+05,    8.064E+04
  5.8167,    6.591E+05,    6.603E+05,    7.990E+04
  5.8333,    6.743E+05,    6.919E+05,    8.147E+04
  5.8500,    6.923E+05,    7.471E+05,    8.857E+04
  5.8667,    7.094E+05,    7.928E+05,    9.631E+04
  5.8833,    7.174E+05,    8.273E+05,    9.810E+04
  5.9000,    7.263E+05,    8.576E+05,    1.044E+05
  5.9167,    7.439E+05,    9.004E+05,    1.099E+05
  5.9333,    7.610E+05,    9.632E+05,    1.141E+05
  5.9500,    7.722E+05,    9.970E+05,    1.216E+05
  5.9667,    7.815E+05,    1.023E+06,    1.181E+05
  5.9833,    7.885E+05,    1.043E+06,    1.273E+05
  6.0000,    7.957E+05,    1.062E+06,    1.262E+05
  6.0167,    8.124E+05,    1.079E+06,    1.279E+05
  6.0333,    8.061E+05,    1.076E+06,    1.293E+05
  6.0500,    7.994E+05,    1.057E+06,    1.250E+05
  6.0667,    7.921E+05,    1.056E+06,    1.261E+05
  6.0833,    7.921E+05,    1.052E+06,    1.207E+05
  6.1000,    7.844E+05,    1.041E+06,    1.222E+05
  6.1167,    7.757E+05,    1.049E+06,    1.244E+05
  6.1333,    7.803E+05,    1.075E+06,    1.244E+05
  6.1500,    7.837E+05,    1.064E+06,    1.270E+05
  6.1667,    7.875E+05,    1.071E+06,    1.272E+05
  6.1833,    7.930E+05,    1.049E+06,    1.214E+05
  6.2000,    7.928E+05,    1.032E+06,    1.232E+05
  6.2167,    8.043E+05,    1.061E+06,    1.252E+05
  6.2333,    8.076E+05,    1.077E+06,    1.279E+05
  6.2500,    8.125E+05,    1.080E+06,    1.277E+05
  6.2667,    8.263E+05,    1.120E+06,    1.315E+05
  6.2833,    8.442E+05,    1.175E+06,    1.371E+05
  6.3000,    8.644E+05,    1.226E+06,    1.422E+05
  6.3167,    8.943E+05,    1.266E+06,    1.508E+05
  6.3333,    9.214E+05,    1.384E+06,    1.615E+05
  6.3500,    9.494E+05,    1.487E+06,    1.751E+05
  6.3667,    9.872E+05,    1.575E+06,    1.882E+05
  6.3833,    1.039E+06,    1.680E+06,    1.922E+05
  6.4000,    1.075E+06,    1.725E+06,    2.002E+05
  6.4167,    1.108E+06,    1.794E+06,    2.102E+05
  6.4333,    1.168E+06,    1.861E+06,    2.116E+05
  6.4500,    1.198E+06,    1.945E+06,    2.204E+05
  6.4667,    1.217E+06,    1.997E+06,    2.269E+05
  6.4833,    1.233E+06,    1.959E+06,    2.179E+05
  6.5000,    1.250E+06,    1.948E+06,    2.180E+05
  6.5167,    1.291E+06,    2.010E+06,    2.358E+05
  6.5333,    1.325E+06,    2.140E+06,    2.415E+05
  6.5500,    1.345E+06,    2.107E+06,    2.408E+05
  6.5667,    1.378E+06,    2.179E+06,    2.543E+05
  6.5833,    1.406E+06,    2.229E+06,    2.538E+05
  6.6000,    1.429E+06,    2.304E+06,    2.645E+05
  6.6167,    1.440E+06,    2.389E+06,    2.731E+05
  6.6333,    1.426E+06,    2.356E+06,    2.661E+05
  6.6500,    1.461E+06,    2.339E+06,    2.680E+05
  6.6667,    1.493E+06,    2.356E+06,    2.731E+05
  6.6833,    1.483E+06,    2.368E+06,    2.732E+05
  6.7000,    1.457E+06,    2.312E+06,    2.678E+05
  6.7167,    1.446E+06,    2.404E+06,    2.819E+05
  6.7333,    1.459E+06,    2.513E+06,    2.897E+05
  6.7500,    1.455E+06,    2.438E+06,    2.862E+05
  6.7667,    1.449E+06,    2.359E+06,    2.756E+05
  6.7833,    1.435E+06,    2.393E+06,    2.827E+05
  6.8000,    1.413E+06,    2.387E+06,    2.816E+05
  6.8167,    1.418E+06,    2.481E+06,    2.986E+05
  6.8333,    1.457E+06,    2.623E+06,    3.164E+05
  6.8500,    1.448E+06,    2.566E+06,    3.138E+05
  6.8667,    1.425E+06,    2.492E+06,    3.001E+05
  6.8833,    1.394E+06,    2.463E+06,    3.021E+05
  6.9000,    1.366E+06,    2.372E+06,    2.845E+05
  6.9167,    1.362E+06,    2.293E+06,    2.827E+05
  6.9333,    1.358E+06,    2.232E+06,    2.710E+05
  6.9500,    1.345E+06,    2.166E+06,    2.649E+05
  6.9667,    1.355E+06,    2.108E+06,    2.509E+05
  6.9833,    1.356E+06,    2.037E+06,    2.473E+05
  7.0000,    1.322E+06,    1.965E+06,    2.384E+05
  7.0167,    1.304E+06,    1.945E+06,    2.396E+05
  7.0333,    1.279E+06,    1.896E+06,    2.284E+05
  7.0500,    1.251E+06,    1.828E+06,    2.203E+05
  7.0667,    1.246E+06,    1.810E+06,    2.162E+05
  7.0833,    1.230E+06,    1.768E+06,    2.087E+05
  7.1000,    1.211E+06,    1.739E+06,    2.055E+05
  7.1167,    1.206E+06,    1.759E+06,    2.080E+05
  7.1333,    1.212E+06,    1.929E+06,    2.436E+05
  7.1500,    1.214E+06,    1.818E+06,    2.369E+05
  7.1667,    1.186E+06,    1.694E+06,    2.191E+05
  7.1833,    1.154E+06,    1.623E+06,    2.071E+05
  7.2000,    1.257E+06,    1.784E+06,    2.277E+05
  7.2167,    1.277E+06,    1.870E+06,    2.386E+05
  7.2333,    1.328E+06,    1.934E+06,    2.452E+05
  7.2500,    1.380E+06,    2.027E+06,    2.517E+05
  7.2667,    1.373E+06,    1.939E+06,    2.379E+05
  7.2833,    1.440E+06,    1.850E+06,    2.239E+05
  7.3000,    1.502E+06,    1.734E+06,    2.065E+05
  7.3167,    1.558E+06,    1.655E+06,    2.015E+05
  7.3333,    1.611E+06,    1.490E+06,    1.792E+05
  7.3500,    1.683E+06,    1.435E+06,    1.642E+05
  7.3667,    1.767E+06,    1.466E+06,    1.728E+05
  7.3833,    1.809E+06,    1.516E+06,    1.744E+05
  7.4000,    1.815E+06,    1.517E+06,    1.738E+05
  7.4167,    1.772E+06,    1.508E+06,    1.734E+05
  7.4333,    1.678E+06,    1.478E+06,    1.665E+05
  7.4500,    1.604E+06,    1.491E+06,    1.701E+05
  7.4667,    1.541E+06,    1.417E+06,    1.623E+05
  7.4833,    1.474E+06,    1.333E+06,    1.505E+05
  7.5000,    1.451E+06,    1.281E+06,    1.439E+05
  7.5167,    1.441E+06,    1.268E+06,    1.412E+05
  7.5333,    1.433E+06,    1.246E+06,    1.405E+05
  7.5500,    1.392E+06,    1.240E+06,    1.357E+05
  7.5667,    1.351E+06,    1.236E+06,    1.385E+05
  7.5833,    1.313E+06,    1.223E+06,    1.382E+05
  7.6000,    1.277E+06,    1.237E+06,    1.392E+05
  7.6167,    1.267E+06,    1.266E+06,    1.420E+05
  7.6333,    1.254E+06,    1.276E+06,    1.416E+05
  7.6500,    1.221E+06,    1.258E+06,    1.452E+05
  7.6667,    1.201E+06,    1.295E+06,    1.535E+05
  7.6833,    1.176E+06,    1.286E+06,    1.453E+05
  7.7000,    1.168E+06,    1.282E+06,    1.481E+05
  7.7167,    1.191E+06,    1.309E+06,    1.490E+05
  7.7333,    1.193E+06,    1.330E+06,    1.540E+05
  7.7500,    1.180E+06,    1.350E+06,    1.561E+05
  7.7667,    1.208E+06,    1.455E+06,    1.709E+05
  7.7833,    1.250E+06,    1.533E+06,    1.800E+05
  7.8000,    1.246E+06,    1.554E+06,    1.772E+05
  7.8167,    1.257E+06,    1.546E+06,    1.774E+05
  7.8333,    1.328E+06,    1.592E+06,    1.821E+05
  7.8500,    1.365E+06,    1.623E+06,    1.862E+05
  7.8667,    1.352E+06,    1.631E+06,    1.900E+05
  7.8833,    1.380E+06,    1.682E+06,    1.961E+05
  7.9000,    1.391E+06,    1.784E+06,    2.028E+05
  7.9167,    1.403E+06,    1.882E+06,    2.163E+05
  7.9333,    1.377E+06,    1.976E+06,    2.249E+05
  7.9500,    1.346E+06,    2.094E+06,    2.431E+05
  7.9667,    1.336E+06,    2.097E+06,    2.407E+05
  7.9833,    1.334E+06,    1.908E+06,    2.234E+05
  8.0000,    1.318E+06,    1.774E+06,    2.014E+05
  8.0167,    1.282E+06,    1.710E+06,    1.971E+05
  8.0333,    1.216E+06,    1.617E+06,    1.820E+05
  8.0500,    1.149E+06,    1.548E+06,    1.781E+05
  8.0667,    1.123E+06,    1.593E+06,    1.832E+05
  8.0833,    1.108E+06,    1.585E+06,    1.822E+05
  8.1000,    1.101E+06,    1.557E+06,    1.772E+05
  8.1167,    1.098E+06,    1.505E+06,    1.697E+05
  8.1333,    1.061E+06,    1.412E+06,    1.565E+05
  8.1500,    1.039E+06,    1.343E+06,    1.536E+05
  8.1667,    1.002E+06,    1.262E+06,    1.472E+05
  8.1833,    9.730E+05,    1.197E+06,    1.365E+05
  8.2000,    9.761E+05,    1.214E+06,    1.360E+05
  8.2167,    1.011E+06,    1.232E+06,    1.439E+05
  8.2333,    1.051E+06,    1.219E+06,    1.376E+05
  8.2500,    1.081E+06,    1.198E+06,    1.368E+05
  8.2667,    1.090E+06,    1.236E+06,    1.451E+05
  8.2833,    1.091E+06,    1.268E+06,    1.478E+05
  8.3000,    1.105E+06,    1.360E+06,    1.570E+05
  8.3167,    1.098E+06,    1.461E+06,    1.727E+05
  8.3333,    1.082E+06,    1.527E+06,    1.747E+05
  8.3500,    1.059E+06,    1.589E+06,    1.835E+05
  8.3667,    1.052E+06,    1.664E+06,    1.933E+05
  8.3833,    1.071E+06,    1.701E+06,    1.935E+05
  8.4000,    1.091E+06,    1.764E+06,    1.973E+05
  8.4167,    1.091E+06,    1.845E+06,    2.103E+05
  8.4333,    1.105E+06,    1.852E+06,    2.104E+05
  8.4500,    1.112E+06,    1.835E+06,    2.076E+05
  8.4667,    1.114E+06,    1.773E+06,    2.027E+05
  8.4833,    1.120E+06,    1.742E+06,    1.989E+05
  8.5000,    1.144E+06,    1.657E+06,    1.897E+05
  8.5167,    1.155E+06,    1.622E+06,    1.856E+05
  8.5333,    1.152E+06,    1.639E+06,    1.881E+05
  8.5500,    1.148E+06,    1.636E+06,    1.829E+05
  8.5667,    1.172E+06,    1.740E+06,    1.984E+05
  8.5833,    1.193E+06,    1.748E+06,    1.971E+05
  8.6000,    1.188E+06,    1.688E+06,    1.909E+05
  8.6167,    1.176E+06,    1.689E+06,    1.886E+05
  8.6333,    1.139E+06,    1.667E+06,    1.898E+05
  8.6500,    1.121E+06,    1.686E+06,    1.892E+05
  8.6667,    1.103E+06,    1.740E+06,    1.928E+05
  8.6833,    1.082E+06,    1.780E+06,    1.961E+05
  8.7000,    1.053E+06,    1.789E+06,    2.008E+05
  8.7167,    1.048E+06,    1.792E+06,    1.974E+05
  8.7333,    1.049E+06,    1.788E+06,    1.960E+05
  8.7500,    1.083E+06,    1.837E+06,    2.042E+05
  8.7667,    1.120E+06,    1.852E+06,    2.079E+05
  8.7833,    1.148E+06,    1.842E+06,    2.006E+05
  8.8000,    1.182E+06,    1.846E+06,    2.093E+05
  8.8167,    1.197E+06,    1.880E+06,    2.044E+05
  8.8333,    1.199E+06,    1.925E+06,    2.158E+05
  8.8500,    1.270E+06,    2.132E+06,    2.361E+05
  8.8667,    1.367E+06,    2.225E+06,    2.484E+05
  8.8833,    1.395E+06,    2.234E+06,    2.494E+05
  8.9000,    1.431E+06,    2.292E+06,    2.556E+05
  8.9167,    1.461E+06,    2.374E+06,    2.658E+05
  8.9333,    1.466E+06,    2.495E+06,    2.791E+05
  8.9500,    1.456E+06,    2.561E+06,    2.814E+05
  8.9667,    1.479E+06,    2.604E+06,    2.854E+05
  8.9833,    1.569E+06,    2.727E+06,    3.086E+05
  9.0000,    1.654E+06,    2.793E+06,    3.115E+05
  9.0167,    1.697E+06,    2.779E+06,    3.140E+05
  9.0333,    1.726E+06,    2.758E+06,    3.168E+05
  9.0500,    1.771E+06,    2.735E+06,    3.047E+05
  9.0667,    1.791E+06,    2.735E+06,    3.136E+05
  9.0833,    1.861E+06,    2.850E+06,    3.138E+05
  9.1000,    1.939E+06,    2.883E+06,    3.307E+05
  9.1167,    2.074E+06,    2.971E+06,    3.367E+05
  9.1333,    2.163E+06,    2.986E+06,    3.372E+05
  9.1500,    2.175E+06,    2.887E+06,    3.260E+05
  9.1667,    2.163E+06,    2.740E+06,    3.131E+05
  9.1833,    2.140E+06,    2.627E+06,    3.012E+05
  9.2000,    2.091E+06,    2.516E+06,    2.870E+05
  9.2167,    2.095E+06,    2.439E+06,    2.709E+05
  9.2333,    2.078E+06,    2.367E+06,    2.689E+05
  9.2500,    2.058E+06,    2.312E+06,    2.602E+05
  9.2667,    2.069E+06,    2.251E+06,    2.497E+05
  9.2833,    2.062E+06,    2.205E+06,    2.560E+05
  9.3000,    2.102E+06,    2.267E+06,    2.636E+05
  9.3167,    2.117E+06,    2.318E+06,    2.738E+05
  9.3333,    2.154E+06,    2.374E+06,    2.803E+05
  9.3500,    2.285E+06,    2.581E+06,    3.095E+05
  9.3667,    2.577E+06,    3.913E+06,    4.428E+05
  9.3833,    3.113E+06,    8.564E+06,    1.032E+06
  9.4000,    3.982E+06,    1.622E+07,    1.901E+06
  9.4167,    4.399E+06,    2.290E+07,    2.611E+06
  9.4333,    3.909E+06,    1.350E+07,    1.547E+06
  9.4500,    3.994E+06,    1.348E+07,    1.656E+06
  9.4667,    3.663E+06,    9.769E+06,    1.156E+06
  9.4833,    3.579E+06,    8.365E+06,    9.745E+05
  9.5000,    3.597E+06,    7.865E+06,    9.241E+05
  9.5167,    3.951E+06,    1.671E+07,    2.009E+06
  9.5333,    4.965E+06,    3.410E+07,    4.637E+06
  9.5500,    5.875E+06,    5.237E+07,    7.358E+06
  9.5667,    4.975E+06,    3.106E+07,    3.970E+06
  9.5833,    4.057E+06,    1.323E+07,    1.783E+06
  9.6000,    3.875E+06,    1.037E+07,    1.295E+06
  9.6167,    4.052E+06,    1.208E+07,    1.498E+06
  9.6333,    4.003E+06,    1.308E+07,    1.612E+06
  9.6500,    3.855E+06,    1.102E+07,    1.343E+06
  9.6667,    3.673E+06,    9.737E+06,    1.228E+06
  9.6833,    3.631E+06,    1.098E+07,    1.376E+06
  9.7000,    3.598E+06,    1.052E+07,    1.259E+06
  9.7167,    3.303E+06,    7.910E+06,    9.591E+05
  9.7333,    3.248E+06,    7.711E+06,    9.146E+05
  9.7500,    3.110E+06,    6.726E+06,    7.964E+05
  9.7667,    3.219E+06,    7.907E+06,    9.293E+05
  9.7833,    3.493E+06,    1.178E+07,    1.373E+06
  9.8000,    3.843E+06,    2.039E+07,    2.804E+06
  9.8167,    4.745E+06,    3.139E+07,    4.002E+06
  9.8333,    5.005E+06,    2.852E+07,    3.831E+06
  9.8500,    4.471E+06,    1.881E+07,    2.567E+06
  9.8667,    4.208E+06,    1.287E+07,    1.697E+06
  9.8833,    4.971E+06,    2.255E+07,    3.074E+06
  9.9000,    6.397E+06,    3.481E+07,    4.598E+06
  9.9167,    7.580E+06,    5.028E+07,    6.663E+06
  9.9333,    7.280E+06,    3.613E+07,    4.995E+06
  9.9500,    8.615E+06,    5.046E+07,    7.151E+06
  9.9667,    9.328E+06,    5.259E+07,    7.520E+06
  9.9833,    8.223E+06,    3.775E+07,    5.648E+06
 10.0000,    7.012E+06,    2.979E+07,    4.497E+06
 10.0167,    6.064E+06,    2.636E+07,    4.058E+06
 10.0333,    5.283E+06,    2.380E+07,    3.744E+06
 10.0500,    4.775E+06,    2.148E+07,    3.368E+06
 10.0667,    4.357E+06,    1.965E+07,    3.034E+06
 10.0833,    4.010E+06,    1.755E+07,    2.631E+06
 10.1000,    3.779E+06,    1.502E+07,    2.279E+06
 10.1167,    3.633E+06,    1.162E+07,    1.839E+06
 10.1333,    3.579E+06,    9.119E+06,    1.416E+06
 10.1500,    3.726E+06,    7.854E+06,    1.213E+06
 10.1667,    3.742E+06,    7.888E+06,    1.220E+06
 10.1833,    3.953E+06,    8.549E+06,    1.278E+06
 10.2000,    4.534E+06,    1.019E+07,    1.511E+06
 10.2167,    5.385E+06,    1.139E+07,    1.679E+06
 10.2333,    5.934E+06,    1.412E+07,    2.044E+06
 10.2500,    6.119E+06,    1.600E+07,    2.327E+06
 10.2667,    5.789E+06,    1.703E+07,    2.584E+06
 10.2833,    5.356E+06,    1.717E+07,    2.638E+06
 10.3000,    4.972E+06,    1.683E+07,    2.605E+06
 10.3167,    4.619E+06,    1.659E+07,    2.593E+06
 10.3333,    4.355E+06,    1.671E+07,    2.638E+06
 10.3500,    4.017E+06,    1.466E+07,    2.288E+06
 10.3667,    3.777E+06,    1.413E+07,    2.199E+06
 10.3833,    3.566E+06,    1.410E+07,    2.236E+06
 10.4000,    3.417E+06,    1.414E+07,    2.268E+06
 10.4167,    3.343E+06,    1.462E+07,    2.349E+06
 10.4333,    3.298E+06,    1.523E+07,    2.503E+06
 10.4500,    3.254E+06,    1.585E+07,    2.638E+06
 10.4667,    3.206E+06,    1.581E+07,    2.647E+06
 10.4833,    3.155E+06,    1.628E+07,    2.708E+06
 10.5000,    3.044E+06,    1.563E+07,    2.607E+06
 10.5167,    2.998E+06,    1.574E+07,    2.625E+06
 10.5333,    2.863E+06,    1.492E+07,    2.500E+06
 10.5500,    2.801E+06,    1.502E+07,    2.549E+06
 10.5667,    2.769E+06,    1.521E+07,    2.529E+06
 10.5833,    2.732E+06,    1.487E+07,    2.505E+06
 10.6000,    2.721E+06,    1.431E+07,    2.458E+06
 10.6167,    2.752E+06,    1.477E+07,    2.494E+06
 10.6333,    2.730E+06,    1.435E+07,    2.386E+06
 10.6500,    2.795E+06,    1.335E+07,    2.221E+06
 10.6667,    2.907E+06,    1.302E+07,    2.159E+06
 10.6833,    2.969E+06,    1.297E+07,    2.138E+06
 10.7000,    2.910E+06,    1.154E+07,    1.972E+06
 10.7167,    2.946E+06,    1.111E+07,    1.926E+06
 10.7333,    2.997E+06,    1.102E+07,    1.908E+06
 10.7500,    3.112E+06,    1.071E+07,    1.825E+06
 10.7667,    3.017E+06,    9.131E+06,    1.587E+06
 10.7833,    3.270E+06,    9.373E+06,    1.647E+06
 10.8000,    3.478E+06,    9.138E+06,    1.622E+06
 10.8167,    3.446E+06,    8.364E+06,    1.426E+06
 10.8333,    3.498E+06,    7.902E+06,    1.374E+06
 10.8500,    3.600E+06,    7.725E+06,    1.335E+06
 10.8667,    3.699E+06,    6.504E+06,    1.200E+06
 10.8833,    3.821E+06,    6.783E+06,    1.176E+06
 10.9000,    3.818E+06,    6.237E+06,    1.042E+06
 10.9167,    3.716E+06,    6.302E+06,    1.037E+06
 10.9333,    3.664E+06,    6.423E+06,    1.071E+06
 10.9500,    3.958E+06,    7.606E+06,    1.285E+06
 10.9667,    3.850E+06,    7.005E+06,    1.153E+06
 10.9833,    3.723E+06,    7.163E+06,    1.171E+06
 11.0000,    3.730E+06,    7.181E+06,    1.197E+06
 11.0167,    3.699E+06,    7.243E+06,    1.221E+06
 11.0333,    3.589E+06,    7.049E+06,    1.164E+06
 11.0500,    3.450E+06,    7.267E+06,    1.211E+06
 11.0667,    3.187E+06,    6.506E+06,    1.085E+06
 11.0833,    3.001E+06,    5.504E+06,    9.200E+05
 11.1000,    2.780E+06,    4.526E+06,    7.358E+05
 11.1167,    2.605E+06,    4.056E+06,    6.641E+05
 11.1333,    2.465E+06,    3.770E+06,    6.200E+05
 11.1500,    2.389E+06,    3.646E+06,    5.830E+05
 11.1667,    2.371E+06,    3.623E+06,    5.788E+05
 11.1833,    2.349E+06,    3.544E+06,    5.670E+05
 11.2000,    2.292E+06,    3.500E+06,    5.556E+05
 11.2167,    2.216E+06,    3.414E+06,    5.368E+05
 11.2333,    2.199E+06,    3.532E+06,    5.451E+05
 11.2500,    2.179E+06,    3.804E+06,    5.771E+05
 11.2667,    2.099E+06,    4.056E+06,    6.119E+05
 11.2833,    2.059E+06,    4.404E+06,    6.736E+05
 11.3000,    2.041E+06,    4.679E+06,    7.271E+05
 11.3167,    2.008E+06,    4.967E+06,    7.820E+05
 11.3333,    1.967E+06,    5.214E+06,    8.133E+05
 11.3500,    1.957E+06,    6.031E+06,    8.325E+05
 11.3667,    1.929E+06,    6.187E+06,    9.115E+05
 11.3833,    1.909E+06,    6.545E+06,    9.941E+05
 11.4000,    1.884E+06,    6.706E+06,    1.093E+06
 11.4167,    1.859E+06,    6.146E+06,    9.395E+05
 11.4333,    1.857E+06,    6.322E+06,    1.002E+06
 11.4500,    1.879E+06,    6.709E+06,    9.613E+05
 11.4667,    1.867E+06,    6.269E+06,    9.912E+05
 11.4833,    1.850E+06,    6.288E+06,    9.263E+05
 11.5000,    1.855E+06,    6.528E+06,    9.989E+05
 11.5167,    1.862E+06,    6.600E+06,    1.060E+06
 11.5333,    1.838E+06,    6.418E+06,    1.012E+06
 11.5500,    1.866E+06,    7.201E+06,    1.099E+06
 11.5667,    1.811E+06,    6.752E+06,    1.016E+06
 11.5833,    1.804E+06,    6.794E+06,    1.010E+06
 11.6000,    1.775E+06,    6.681E+06,    1.004E+06
 11.6167,    1.744E+06,    6.398E+06,    9.593E+05
 11.6333,    1.770E+06,    6.555E+06,    1.051E+06
 11.6500,    1.812E+06,    7.286E+06,    1.123E+06
 11.6667,    1.839E+06,    7.450E+06,    1.257E+06
 11.6833,    1.849E+06,    8.550E+06,    1.201E+06
 11.7000,    1.784E+06,    7.356E+06,    1.133E+06
 11.7167,    1.723E+06,    7.041E+06,    1.070E+06
 11.7333,    1.729E+06,    7.066E+06,    1.044E+06
 11.7500,    1.747E+06,    7.558E+06,    1.079E+06
 11.7667,    1.725E+06,    7.428E+06,    1.111E+06
 11.7833,    1.724E+06,    7.535E+06,    1.118E+06
 11.8000,    1.700E+06,    7.501E+06,    1.135E+06
 11.8167,    1.750E+06,    7.864E+06,    1.202E+06
 11.8333,    1.886E+06,    9.242E+06,    1.402E+06
 11.8500,    2.033E+06,    1.070E+07,    1.593E+06
 11.8667,    2.137E+06,    1.185E+07,    1.693E+06
 11.8833,    2.206E+06,    1.238E+07,    1.841E+06
 11.9000,    2.251E+06,    1.308E+07,    1.985E+06
 11.9167,    2.237E+06,    1.316E+07,    1.907E+06
 11.9333,    2.180E+06,    1.242E+07,    1.915E+06
 11.9500,    2.113E+06,    1.189E+07,    1.792E+06
 11.9667,    2.085E+06,    1.187E+07,    1.800E+06
 11.9833,    2.084E+06,    1.209E+07,    1.784E+06
 12.0000,    2.059E+06,    1.165E+07,    1.768E+06
 12.0167,    2.031E+06,    1.167E+07,    1.731E+06
 12.0333,    2.086E+06,    1.218E+07,    1.809E+06
 12.0500,    2.184E+06,    1.298E+07,    1.915E+06
 12.0667,    2.223E+06,    1.277E+07,    1.918E+06
 12.0833,    2.294E+06,    1.328E+07,    1.960E+06
 12.1000,    2.337E+06,    1.362E+07,    2.037E+06
 12.1167,    2.370E+06,    1.417E+07,    2.093E+06
 12.1333,    2.405E+06,    1.464E+07,    2.176E+06
 12.1500,    2.379E+06,    1.456E+07,    2.197E+06
 12.1667,    2.373E+06,    1.450E+07,    2.158E+06
 12.1833,    2.414E+06,    1.439E+07,    2.177E+06
 12.2000,    2.481E+06,    1.462E+07,    2.193E+06
 12.2167,    2.481E+06,    1.421E+07,    2.164E+06
 12.2333,    2.449E+06,    1.403E+07,    2.077E+06
 12.2500,    2.423E+06,    1.348E+07,    2.033E+06
 12.2667,    2.405E+06,    1.283E+07,    1.963E+06
 12.2833,    2.433E+06,    1.271E+07,    1.908E+06
 12.3000,    2.450E+06,    1.234E+07,    1.827E+06
 12.3167,    2.515E+06,    1.210E+07,    1.835E+06
 12.3333,    2.614E+06,    1.230E+07,    1.826E+06
 12.3500,    2.713E+06,    1.242E+07,    1.846E+06
 12.3667,    2.688E+06,    1.199E+07,    1.775E+06
 12.3833,    2.547E+06,    1.088E+07,    1.630E+06
 12.4000,    2.454E+06,    1.047E+07,    1.575E+06
 12.4167,    2.431E+06,    1.052E+07,    1.584E+06
 12.4333,    2.406E+06,    1.006E+07,    1.514E+06
 12.4500,    2.374E+06,    9.455E+06,    1.429E+06
 12.4667,    2.304E+06,    8.637E+06,    1.316E+06
 12.4833,    2.184E+06,    7.903E+06,    1.214E+06
 12.5000,    2.074E+06,    7.205E+06,    1.112E+06
 12.5167,    1.980E+06,    6.665E+06,    1.051E+06
 12.5333,    1.892E+06,    6.051E+06,    9.660E+05
 12.5500,    1.840E+06,    5.484E+06,    8.905E+05
 12.5667,    1.834E+06,    5.254E+06,    8.558E+05
 12.5833,    1.863E+06,    5.131E+06,    8.245E+05
 12.6000,    1.829E+06,    4.853E+06,    7.842E+05
 12.6167,    1.816E+06,    4.983E+06,    8.024E+05
 12.6333,    1.806E+06,    5.075E+06,    8.150E+05
 12.6500,    1.797E+06,    5.207E+06,    8.269E+05
 12.6667,    1.787E+06,    5.342E+06,    8.407E+05
 12.6833,    1.792E+06,    5.551E+06,    8.649E+05
 12.7000,    1.792E+06,    5.328E+06,    8.389E+05
 12.7167,    1.853E+06,    5.335E+06,    8.241E+05
 12.7333,    1.896E+06,    5.202E+06,    8.014E+05
 12.7500,    1.940E+06,    5.042E+06,    7.901E+05
 12.7667,    1.955E+06,    4.921E+06,    7.620E+05
 12.7833,    1.900E+06,    4.541E+06,    7.006E+05
 12.8000,    1.847E+06,    4.628E+06,    7.170E+05
 12.8167,    1.784E+06,    4.819E+06,    7.365E+05
 12.8333,    1.766E+06,    5.282E+06,    7.966E+05
 12.8500,    1.761E+06,    5.475E+06,    8.336E+05
 12.8667,    1.832E+06,    6.067E+06,    9.128E+05
 12.8833,    1.909E+06,    6.432E+06,    9.488E+05
 12.9000,    1.964E+06,    6.699E+06,    9.772E+05
 12.9167,    1.982E+06,    6.762E+06,    1.030E+06
 12.9333,    2.025E+06,    6.820E+06,    1.001E+06
 12.9500,    2.074E+06,    7.120E+06,    1.060E+06
 12.9667,    2.067E+06,    6.863E+06,    1.037E+06
 12.9833,    2.039E+06,    6.853E+06,    1.026E+06
 13.0000,    1.999E+06,    6.648E+06,    9.739E+05
 13.0167,    2.005E+06,    6.795E+06,    1.014E+06
 13.0333,    2.030E+06,    7.284E+06,    1.066E+06
 13.0500,    2.054E+06,    7.602E+06,    1.111E+06
 13.0667,    2.001E+06,    7.142E+06,    1.029E+06
 13.0833,    2.038E+06,    7.315E+06,    1.067E+06
 13.1000,    2.059E+06,    6.847E+06,    9.913E+05
 13.1167,    2.009E+06,    6.348E+06,    9.276E+05
 13.1333,    1.968E+06,    6.046E+06,    8.736E+05
 13.1500,    2.047E+06,    6.617E+06,    9.500E+05
 13.1667,    2.287E+06,    9.501E+06,    1.301E+06
 13.1833,    2.179E+06,    7.015E+06,    1.006E+06
 13.2000,    2.112E+06,    6.185E+06,    9.254E+05
 13.2167,    2.151E+06,    6.393E+06,    9.516E+05
 13.2333,    2.107E+06,    6.036E+06,    9.043E+05
 13.2500,    2.093E+06,    6.137E+06,    9.206E+05
 13.2667,    2.082E+06,    5.910E+06,    8.727E+05
 13.2833,    2.075E+06,    5.801E+06,    8.652E+05
 13.3000,    1.997E+06,    5.332E+06,    8.011E+05
 13.3167,    2.022E+06,    5.631E+06,    8.377E+05
 13.3333,    2.078E+06,    5.719E+06,    8.454E+05
 13.3500,    2.065E+06,    5.630E+06,    8.456E+05
 13.3667,    2.063E+06,    5.747E+06,    8.508E+05
 13.3833,    2.103E+06,    6.360E+06,    9.228E+05
 13.4000,    2.105E+06,    6.784E+06,    9.830E+05
 13.4167,    1.933E+06,    5.253E+06,    7.840E+05
 13.4333,    1.873E+06,    4.800E+06,    7.495E+05
 13.4500,    1.815E+06,    4.353E+06,    7.021E+05
 13.4667,    1.806E+06,    4.334E+06,    7.121E+05
 13.4833,    1.804E+06,    4.341E+06,    7.212E+05
 13.5000,    1.817E+06,    4.395E+06,    7.252E+05
 13.5167,    1.877E+06,    4.654E+06,    7.577E+05
 13.5333,    1.916E+06,    4.723E+06,    7.498E+05
 13.5500,    1.893E+06,    4.436E+06,    7.281E+05
 13.5667,    1.838E+06,    4.073E+06,    6.800E+05
 13.5833,    1.800E+06,    3.893E+06,    6.254E+05
 13.6000,    1.726E+06,    2.896E+06,    4.832E+05
 13.6167,    1.659E+06,    2.273E+06,    4.133E+05
 13.6333,    1.663E+06,    2.097E+06,    3.911E+05
 13.6500,    1.658E+06,    2.031E+06,    3.771E+05
 13.6667,    1.654E+06,    1.920E+06,    3.642E+05
 13.6833,    1.637E+06,    1.841E+06,    3.445E+05
 13.7000,    1.605E+06,    1.820E+06,    3.456E+05
 13.7167,    1.598E+06,    2.207E+06,    4.085E+05
 13.7333,    1.627E+06,    2.397E+06,    4.530E+05
 13.7500,    1.744E+06,    2.893E+06,    5.159E+05
 13.7667,    1.983E+06,    4.472E+06,    7.989E+05
 13.7833,    2.709E+06,    9.930E+06,    1.682E+06
 13.8000,    3.034E+06,    1.089E+07,    1.658E+06
 13.8167,    3.702E+06,    1.460E+07,    2.243E+06
 13.8333,    4.157E+06,    1.947E+07,    2.865E+06
 13.8500,    4.265E+06,    2.150E+07,    3.530E+06
 13.8667,    4.401E+06,    2.508E+07,    3.836E+06
 13.8833,    4.040E+06,    1.894E+07,    2.938E+06
 13.9000,    4.767E+06,    2.459E+07,    3.887E+06
 13.9167,    5.180E+06,    2.722E+07,    4.440E+06
 13.9333,    5.220E+06,    2.546E+07,    4.372E+06
 13.9500,    5.381E+06,    2.893E+07,    5.018E+06
 13.9667,    5.274E+06,    2.607E+07,    4.696E+06
 13.9833,    5.207E+06,    2.461E+07,    4.756E+06
 14.0000,    5.039E+06,    2.340E+07,    4.749E+06
 14.0167,    4.876E+06,    2.185E+07,    4.542E+06
 14.0333,    4.607E+06,    1.999E+07,    4.358E+06
 14.0500,    4.361E+06,    1.906E+07,    4.186E+06
 14.0667,    4.147E+06,    1.796E+07,    3.873E+06
 14.0833,    3.923E+06,    1.645E+07,    3.770E+06
 14.1000,    3.755E+06,    1.570E+07,    3.436E+06
 14.1167,    3.591E+06,    1.490E+07,    3.328E+06
 14.1333,    3.544E+06,    1.416E+07,    3.134E+06
 14.1500,    3.578E+06,    1.338E+07,    2.852E+06
 14.1667,    3.537E+06,    1.279E+07,    2.745E+06
 14.1833,    3.478E+06,    1.219E+07,    2.694E+06
 14.2000,    3.386E+06,    1.172E+07,    2.468E+06
 14.2167,    3.247E+06,    1.085E+07,    2.283E+06
 14.2333,    3.160E+06,    1.055E+07,    2.250E+06
 14.2500,    3.138E+06,    1.011E+07,    2.152E+06
 14.2667,    3.067E+06,    9.665E+06,    1.913E+06
 14.2833,    2.991E+06,    9.435E+06,    1.966E+06
 14.3000,    2.958E+06,    9.324E+06,    1.922E+06
 14.3167,    2.963E+06,    9.300E+06,    1.994E+06
 14.3333,    2.953E+06,    8.754E+06,    1.829E+06
 14.3500,    2.866E+06,    8.189E+06,    1.772E+06
 14.3667,    2.796E+06,    7.706E+06,    1.635E+06
 14.3833,    2.802E+06,    7.933E+06,    1.675E+06
 14.4000,    2.831E+06,    7.622E+06,    1.519E+06
 14.4167,    2.758E+06,    6.335E+06,    1.416E+06
 14.4333,    2.856E+06,    6.565E+06,    1.531E+06
 14.4500,    2.877E+06,    6.245E+06,    1.453E+06
 14.4667,    2.910E+06,    6.298E+06,    1.347E+06
 14.4833,    2.848E+06,    5.912E+06,    1.194E+06
 14.5000,    2.795E+06,    5.836E+06,    1.142E+06
 14.5167,    2.825E+06,    6.195E+06,    1.307E+06
 14.5333,    2.763E+06,    6.097E+06,    1.250E+06
 14.5500,    2.687E+06,    6.098E+06,    1.292E+06
 14.5667,    2.620E+06,    5.861E+06,    1.220E+06
 14.5833,    2.506E+06,    5.518E+06,    1.140E+06
 14.6000,    2.425E+06,    5.400E+06,    1.069E+06
 14.6167,    2.389E+06,    5.052E+06,    1.075E+06
 14.6333,    2.369E+06,    5.324E+06,    1.186E+06
 14.6500,    2.313E+06,    5.445E+06,    1.257E+06
 14.6667,    2.265E+06,    5.675E+06,    1.218E+06
 14.6833,    2.219E+06,    5.427E+06,    1.236E+06
 14.7000,    2.140E+06,    5.357E+06,    1.244E+06
 14.7167,    2.091E+06,    5.405E+06,    1.208E+06
 14.7333,    2.082E+06,    5.082E+06,    1.172E+06
 14.7500,    2.063E+06,    4.960E+06,    1.137E+06
 14.7667,    2.072E+06,    5.147E+06,    1.145E+06
 14.7833,    2.129E+06,    5.256E+06,    1.139E+06
 14.8000,    2.132E+06,    5.091E+06,    1.116E+06
 14.8167,    2.113E+06,    5.252E+06,    1.122E+06
 14.8333,    2.135E+06,    5.493E+06,    1.205E+06
 14.8500,    2.103E+06,    5.246E+06,    1.165E+06
 14.8667,    2.067E+06,    4.882E+06,    1.102E+06
 14.8833,    2.056E+06,    5.501E+06,    1.242E+06
 14.9000,    1.997E+06,    5.486E+06,    1.261E+06
 14.9167,    1.912E+06,    4.792E+06,    1.024E+06
 14.9333,    1.901E+06,    4.825E+06,    1.065E+06
 14.9500,    1.896E+06,    4.946E+06,    1.001E+06
 14.9667,    1.873E+06,    4.980E+06,    1.119E+06
 14.9833,    1.792E+06,    4.144E+06,    9.633E+05
 15.0000,    1.820E+06,    4.745E+06,    9.773E+05
 15.0167,    1.780E+06,    4.393E+06,    1.004E+06
 15.0333,    1.742E+06,    4.295E+06,    9.823E+05
 15.0500,    1.807E+06,    5.288E+06,    1.178E+06
 15.0667,    1.755E+06,    4.971E+06,    1.060E+06
 15.0833,    1.781E+06,    5.436E+06,    1.193E+06
 15.1000,    1.802E+06,    5.931E+06,    1.206E+06
 15.1167,    1.715E+06,    4.395E+06,    1.022E+06
 15.1333,    1.710E+06,    4.594E+06,    9.911E+05
 15.1500,    1.697E+06,    4.436E+06,    1.051E+06
 15.1667,    1.822E+06,    5.798E+06,    1.219E+06
 15.1833,    1.753E+06,    5.536E+06,    1.151E+06
 15.2000,    1.803E+06,    5.355E+06,    1.356E+06
 15.2167,    1.893E+06,    6.750E+06,    1.498E+06
 15.2333,    1.868E+06,    5.616E+06,    1.337E+06
 15.2500,    1.806E+06,    5.567E+06,    1.188E+06
 15.2667,    1.786E+06,    5.331E+06,    1.236E+06
 15.2833,    1.860E+06,    5.866E+06,    1.349E+06
 15.3000,    1.947E+06,    6.613E+06,    1.497E+06
 15.3167,    1.903E+06,    6.137E+06,    1.382E+06
 15.3333,    1.864E+06,    5.567E+06,    1.416E+06
 15.3500,    1.890E+06,    6.327E+06,    1.492E+06
 15.3667,    1.923E+06,    6.413E+06,    1.530E+06
 15.3833,    1.930E+06,    6.320E+06,    1.511E+06
 15.4000,    1.916E+06,    5.866E+06,    1.536E+06
 15.4167,    1.936E+06,    5.930E+06,    1.559E+06
 15.4333,    2.007E+06,    6.496E+06,    1.658E+06
 15.4500,    2.053E+06,    6.385E+06,    1.730E+06
 15.4667,    2.059E+06,    6.228E+06,    1.718E+06
 15.4833,    2.114E+06,    6.495E+06,    1.772E+06
 15.5000,    2.177E+06,    6.693E+06,    1.883E+06
 15.5167,    2.238E+06,    6.842E+06,    1.919E+06
 15.5333,    2.248E+06,    6.217E+06,    1.870E+06
 15.5500,    2.352E+06,    6.531E+06,    2.003E+06
 15.5667,    2.444E+06,    6.843E+06,    2.179E+06
 15.5833,    2.528E+06,    6.893E+06,    2.216E+06
 15.6000,    2.612E+06,    6.955E+06,    2.307E+06
 15.6167,    2.740E+06,    7.163E+06,    2.451E+06
 15.6333,    2.862E+06,    7.285E+06,    2.576E+06
 15.6500,    3.010E+06,    7.311E+06,    2.641E+06
 15.6667,    3.182E+06,    7.759E+06,    2.869E+06
 15.6833,    3.348E+06,    7.830E+06,    3.030E+06
 15.7000,    3.567E+06,    8.140E+06,    3.252E+06
 15.7167,    3.776E+06,    7.907E+06,    3.368E+06
 15.7333,    4.012E+06,    7.842E+06,    3.554E+06
 15.7500,    4.274E+06,    8.049E+06,    3.769E+06
 15.7667,    4.599E+06,    8.162E+06,    4.050E+06
 15.7833,    4.952E+06,    8.114E+06,    4.308E+06
 15.8000,    5.327E+06,    8.002E+06,    4.598E+06
 15.8167,    5.755E+06,    8.153E+06,    4.983E+06
 15.8333,    6.283E+06,    8.002E+06,    5.368E+06
 15.8500,    6.910E+06,    8.062E+06,    5.800E+06
 15.8667,    7.549E+06,    8.244E+06,    6.316E+06
 15.8833,    8.332E+06,    8.883E+06,    6.980E+06
 15.9000,    9.275E+06,    9.391E+06,    7.712E+06
 15.9167,    1.041E+07,    1.056E+07,    8.671E+06
 15.9333,    1.150E+07,    1.080E+07,    9.419E+06
 15.9500,    1.281E+07,    1.208E+07,    1.060E+07
 15.9667,    1.439E+07,    1.223E+07,    1.177E+07
 15.9833,    1.621E+07,    1.286E+07,    1.297E+07
 16.0000,    1.813E+07,    1.366E+07,    1.432E+07
 16.0167,    2.031E+07,    1.436E+07,    1.606E+07
 16.0333,    2.311E+07,    1.537E+07,    1.815E+07
 16.0500,    2.636E+07,    1.693E+07,    2.028E+07
 16.0667,    2.978E+07,    1.897E+07,    2.271E+07
 16.0833,    3.371E+07,    2.072E+07,    2.582E+07
 16.1000,    3.865E+07,    2.243E+07,    2.928E+07
 16.1167,    4.450E+07,    2.580E+07,    3.313E+07
 16.1333,    5.047E+07,    2.811E+07,    3.717E+07
 16.1500,    5.733E+07,    3.110E+07,    4.225E+07
 16.1667,    6.617E+07,    3.533E+07,    4.841E+07
 16.1833,    7.625E+07,    3.880E+07,    5.443E+07
 16.2000,    8.455E+07,    4.164E+07,    6.052E+07
 16.2167,    0.000E+00,    0.000E+00,    0.000E+00
 16.2333,    0.000E+00,    0.000E+00,    0.000E+00
 16.2500,    0.000E+00,    0.000E+00,    0.000E+00
 16.2667,    0.000E+00,    0.000E+00,    0.000E+00
 16.2833,    0.000E+00,    0.000E+00,    0.000E+00
 16.3000,    0.000E+00,    0.000E+00,    0.000E+00
 16.3167,    0.000E+00,    0.000E+00,    0.000E+00
 16.3333,    0.000E+00,    0.000E+00,    0.000E+00
 16.3500,    0.000E+00,    0.000E+00,    0.000E+00
 16.3667,    0.000E+00,    0.000E+00,    0.000E+00
 16.3833,    0.000E+00,    0.000E+00,    0.000E+00
 16.4000,    0.000E+00,    0.000E+00,    0.000E+00
 16.4167,    0.000E+00,    0.000E+00,    0.000E+00
 16.4333,    0.000E+00,    0.000E+00,    0.000E+00
 16.4500,    0.000E+00,    0.000E+00,    0.000E+00
 16.4667,    0.000E+00,    0.000E+00,    0.000E+00
 16.4833,    0.000E+00,    0.000E+00,    0.000E+00
 16.5000,    0.000E+00,    0.000E+00,    0.000E+00
 16.5167,    0.000E+00,    0.000E+00,    0.000E+00
 16.5333,    0.000E+00,    0.000E+00,    0.000E+00
 16.5500,    0.000E+00,    0.000E+00,    0.000E+00
 16.5667,    0.000E+00,    0.000E+00,    0.000E+00
 16.5833,    0.000E+00,    0.000E+00,    0.000E+00
 16.6000,    0.000E+00,    0.000E+00,    0.000E+00
 16.6167,    0.000E+00,    0.000E+00,    0.000E+00
 16.6333,    0.000E+00,    0.000E+00,    0.000E+00
 16.6500,    0.000E+00,    0.000E+00,    0.000E+00
 16.6667,    0.000E+00,    0.000E+00,    0.000E+00
 16.6833,    0.000E+00,    0.000E+00,    0.000E+00
 16.7000,    0.000E+00,    0.000E+00,    0.000E+00
 16.7167,    0.000E+00,    0.000E+00,    0.000E+00
 16.7333,    0.000E+00,    0.000E+00,    0.000E+00
 16.7500,    0.000E+00,    0.000E+00,    0.000E+00
 16.7667,    0.000E+00,    0.000E+00,    0.000E+00
 16.7833,    0.000E+00,    0.000E+00,    0.000E+00
 16.8000,    0.000E+00,    0.000E+00,    0.000E+00
 16.8167,    0.000E+00,    0.000E+00,    0.000E+00
 16.8333,    0.000E+00,    0.000E+00,    0.000E+00
 16.8500,    0.000E+00,    0.000E+00,    0.000E+00
 16.8667,    0.000E+00,    0.000E+00,    0.000E+00
 16.8833,    0.000E+00,    0.000E+00,    0.000E+00
 16.9000,    0.000E+00,    0.000E+00,    0.000E+00
 16.9167,    0.000E+00,    0.000E+00,    0.000E+00
 16.9333,    0.000E+00,    0.000E+00,    0.000E+00
 16.9500,    0.000E+00,    0.000E+00,    0.000E+00
 16.9667,    0.000E+00,    0.000E+00,    0.000E+00
 16.9833,    0.000E+00,    0.000E+00,    0.000E+00
 17.0000,    0.000E+00,    0.000E+00,    0.000E+00
 17.0167,    0.000E+00,    0.000E+00,    0.000E+00
 17.0333,    0.000E+00,    0.000E+00,    0.000E+00
 17.0500,    0.000E+00,    0.000E+00,    0.000E+00
 17.0667,    0.000E+00,    0.000E+00,    0.000E+00
 17.0833,    0.000E+00,    0.000E+00,    0.000E+00
 17.1000,    0.000E+00,    0.000E+00,    0.000E+00
 17.1167,    0.000E+00,    0.000E+00,    0.000E+00
 17.1333,    0.000E+00,    0.000E+00,    0.000E+00
 17.1500,    0.000E+00,    0.000E+00,    0.000E+00
 17.1667,    0.000E+00,    0.000E+00,    0.000E+00
 17.1833,    0.000E+00,    0.000E+00,    0.000E+00
 17.2000,    0.000E+00,    0.000E+00,    0.000E+00
 17.2167,    0.000E+00,    0.000E+00,    0.000E+00
 17.2333,    0.000E+00,    0.000E+00,    0.000E+00
 17.2500,    0.000E+00,    0.000E+00,    0.000E+00
 17.2667,    0.000E+00,    0.000E+00,    0.000E+00
 17.2833,    0.000E+00,    0.000E+00,    0.000E+00
 17.3000,    0.000E+00,    0.000E+00,    0.000E+00
 17.3167,    0.000E+00,    0.000E+00,    0.000E+00
 17.3333,    0.000E+00,    0.000E+00,    0.000E+00
 17.3500,    0.000E+00,    0.000E+00,    0.000E+00
 17.3667,    0.000E+00,    0.000E+00,    0.000E+00
 17.3833,    0.000E+00,    0.000E+00,    0.000E+00
 17.4000,    0.000E+00,    0.000E+00,    0.000E+00
 17.4167,    0.000E+00,    0.000E+00,    0.000E+00
 17.4333,    0.000E+00,    0.000E+00,    0.000E+00
 17.4500,    0.000E+00,    0.000E+00,    0.000E+00
 17.4667,    0.000E+00,    0.000E+00,    0.000E+00
 17.4833,    0.000E+00,    0.000E+00,    0.000E+00
 17.5000,    0.000E+00,    0.000E+00,    0.000E+00
 17.5167,    0.000E+00,    0.000E+00,    0.000E+00
 17.5333,    0.000E+00,    0.000E+00,    0.000E+00
 17.5500,    0.000E+00,    0.000E+00,    0.000E+00
 17.5667,    0.000E+00,    0.000E+00,    0.000E+00
 17.5833,    0.000E+00,    0.000E+00,    0.000E+00
 17.6000,    0.000E+00,    0.000E+00,    0.000E+00
 17.6167,    0.000E+00,    0.000E+00,    0.000E+00
 17.6333,    0.000E+00,    0.000E+00,    0.000E+00
 17.6500,    0.000E+00,    0.000E+00,    0.000E+00
 17.6667,    0.000E+00,    0.000E+00,    0.000E+00
 17.6833,    0.000E+00,    0.000E+00,    0.000E+00
 17.7000,    0.000E+00,    0.000E+00,    0.000E+00
 17.7167,    0.000E+00,    0.000E+00,    0.000E+00
 17.7333,    0.000E+00,    0.000E+00,    0.000E+00
 17.7500,    0.000E+00,    0.000E+00,    0.000E+00
 17.7667,    0.000E+00,    0.000E+00,    0.000E+00
 17.7833,    0.000E+00,    0.000E+00,    0.000E+00
 17.8000,    0.000E+00,    0.000E+00,    0.000E+00
 17.8167,    0.000E+00,    0.000E+00,    0.000E+00
 17.8333,    0.000E+00,    0.000E+00,    0.000E+00
 17.8500,    0.000E+00,    0.000E+00,    0.000E+00
 17.8667,    0.000E+00,    0.000E+00,    0.000E+00
 17.8833,    0.000E+00,    0.000E+00,    0.000E+00
 17.9000,    0.000E+00,    0.000E+00,    0.000E+00
 17.9167,    0.000E+00,    0.000E+00,    0.000E+00
 17.9333,    0.000E+00,    0.000E+00,    0.000E+00
 17.9500,    0.000E+00,    0.000E+00,    0.000E+00
 17.9667,    0.000E+00,    0.000E+00,    0.000E+00
 17.9833,    0.000E+00,    0.000E+00,    0.000E+00
 18.0000,    0.000E+00,    0.000E+00,    0.000E+00
 18.0167,    0.000E+00,    0.000E+00,    0.000E+00
 18.0333,    0.000E+00,    0.000E+00,    0.000E+00
 18.0500,    0.000E+00,    0.000E+00,    0.000E+00
 18.0667,    0.000E+00,    0.000E+00,    0.000E+00
 18.0833,    0.000E+00,    0.000E+00,    0.000E+00
 18.1000,    0.000E+00,    0.000E+00,    0.000E+00
 18.1167,    0.000E+00,    0.000E+00,    0.000E+00
 18.1333,    0.000E+00,    0.000E+00,    0.000E+00
 18.1500,    0.000E+00,    0.000E+00,    0.000E+00
 18.1667,    0.000E+00,    0.000E+00,    0.000E+00
 18.1833,    0.000E+00,    0.000E+00,    0.000E+00
 18.2000,    0.000E+00,    0.000E+00,    0.000E+00
 18.2167,    0.000E+00,    0.000E+00,    0.000E+00
 18.2333,    0.000E+00,    0.000E+00,    0.000E+00
 18.2500,    0.000E+00,    0.000E+00,    0.000E+00
 18.2667,    0.000E+00,    0.000E+00,    0.000E+00
 18.2833,    0.000E+00,    0.000E+00,    0.000E+00
 18.3000,    0.000E+00,    0.000E+00,    0.000E+00
 18.3167,    0.000E+00,    0.000E+00,    0.000E+00
 18.3333,    0.000E+00,    0.000E+00,    0.000E+00
 18.3500,    0.000E+00,    0.000E+00,    0.000E+00
 18.3667,    0.000E+00,    0.000E+00,    0.000E+00
 18.3833,    0.000E+00,    0.000E+00,    0.000E+00
 18.4000,    0.000E+00,    0.000E+00,    0.000E+00
 18.4167,    0.000E+00,    0.000E+00,    0.000E+00
 18.4333,    0.000E+00,    0.000E+00,    0.000E+00
 18.4500,    0.000E+00,    0.000E+00,    0.000E+00
 18.4667,    0.000E+00,    0.000E+00,    0.000E+00
 18.4833,    0.000E+00,    0.000E+00,    0.000E+00
 18.5000,    0.000E+00,    0.000E+00,    0.000E+00
 18.5167,    0.000E+00,    0.000E+00,    0.000E+00
 18.5333,    0.000E+00,    0.000E+00,    0.000E+00
 18.5500,    0.000E+00,    0.000E+00,    0.000E+00
 18.5667,    0.000E+00,    0.000E+00,    0.000E+00
 18.5833,    0.000E+00,    0.000E+00,    0.000E+00
 18.6000,    0.000E+00,    0.000E+00,    0.000E+00
 18.6167,    0.000E+00,    0.000E+00,    0.000E+00
 18.6333,    0.000E+00,    0.000E+00,    0.000E+00
 18.6500,    0.000E+00,    0.000E+00,    0.000E+00
 18.6667,    0.000E+00,    0.000E+00,    0.000E+00
 18.6833,    0.000E+00,    0.000E+00,    0.000E+00
 18.7000,    0.000E+00,    0.000E+00,    0.000E+00
 18.7167,    0.000E+00,    0.000E+00,    0.000E+00
 18.7333,    0.000E+00,    0.000E+00,    0.000E+00
 18.7500,    0.000E+00,    0.000E+00,    0.000E+00
 18.7667,    0.000E+00,    0.000E+00,    0.000E+00
 18.7833,    0.000E+00,    0.000E+00,    0.000E+00
 18.8000,    0.000E+00,    0.000E+00,    0.000E+00
 18.8167,    0.000E+00,    0.000E+00,    0.000E+00
 18.8333,    0.000E+00,    0.000E+00,    0.000E+00
 18.8500,    0.000E+00,    0.000E+00,    0.000E+00
 18.8667,    0.000E+00,    0.000E+00,    0.000E+00
 18.8833,    0.000E+00,    0.000E+00,    0.000E+00
 18.9000,    0.000E+00,    0.000E+00,    0.000E+00
 18.9167,    0.000E+00,    0.000E+00,    0.000E+00
 18.9333,    0.000E+00,    0.000E+00,    0.000E+00
 18.9500,    0.000E+00,    0.000E+00,    0.000E+00
 18.9667,    0.000E+00,    0.000E+00,    0.000E+00
 18.9833,    0.000E+00,    0.000E+00,    0.000E+00
 19.0000,    0.000E+00,    0.000E+00,    0.000E+00
 19.0167,    0.000E+00,    0.000E+00,    0.000E+00
 19.0333,    0.000E+00,    0.000E+00,    0.000E+00
 19.0500,    0.000E+00,    0.000E+00,    0.000E+00
 19.0667,    0.000E+00,    0.000E+00,    0.000E+00
 19.0833,    0.000E+00,    0.000E+00,    0.000E+00
 19.1000,    0.000E+00,    0.000E+00,    0.000E+00
 19.1167,    0.000E+00,    0.000E+00,    0.000E+00
 19.1333,    0.000E+00,    0.000E+00,    0.000E+00
 19.1500,    0.000E+00,    0.000E+00,    0.000E+00
 19.1667,    0.000E+00,    0.000E+00,    0.000E+00
 19.1833,    0.000E+00,    0.000E+00,    0.000E+00
 19.2000,    0.000E+00,    0.000E+00,    0.000E+00
 19.2167,    0.000E+00,    0.000E+00,    0.000E+00
 19.2333,    0.000E+00,    0.000E+00,    0.000E+00
 19.2500,    0.000E+00,    0.000E+00,    0.000E+00
 19.2667,    0.000E+00,    0.000E+00,    0.000E+00
 19.2833,    0.000E+00,    0.000E+00,    0.000E+00
 19.3000,    0.000E+00,    0.000E+00,    0.000E+00
 19.3167,    0.000E+00,    0.000E+00,    0.000E+00
 19.3333,    0.000E+00,    0.000E+00,    0.000E+00
 19.3500,    0.000E+00,    0.000E+00,    0.000E+00
 19.3667,    0.000E+00,    0.000E+00,    0.000E+00
 19.3833,    0.000E+00,    0.000E+00,    0.000E+00
 19.4000,    0.000E+00,    0.000E+00,    0.000E+00
 19.4167,    0.000E+00,    0.000E+00,    0.000E+00
 19.4333,    0.000E+00,    0.000E+00,    0.000E+00
 19.4500,    0.000E+00,    0.000E+00,    0.000E+00
 19.4667,    0.000E+00,    0.000E+00,    0.000E+00
 19.4833,    0.000E+00,    0.000E+00,    0.000E+00
 19.5000,    0.000E+00,    0.000E+00,    0.000E+00
 19.5167,    0.000E+00,    0.000E+00,    0.000E+00
 19.5333,    0.000E+00,    0.000E+00,    0.000E+00
 19.5500,    0.000E+00,    0.000E+00,    0.000E+00
 19.5667,    0.000E+00,    0.000E+00,    0.000E+00
 19.5833,    0.000E+00,    0.000E+00,    0.000E+00
 19.6000,    0.000E+00,    0.000E+00,    0.000E+00
 19.6167,    0.000E+00,    0.000E+00,    0.000E+00
 19.6333,    0.000E+00,    0.000E+00,    0.000E+00
 19.6500,    0.000E+00,    0.000E+00,    0.000E+00
 19.6667,    0.000E+00,    0.000E+00,    0.000E+00
 19.6833,    0.000E+00,    0.000E+00,    0.000E+00
 19.7000,    0.000E+00,    0.000E+00,    0.000E+00
 19.7167,    0.000E+00,    0.000E+00,    0.000E+00
 19.7333,    0.000E+00,    0.000E+00,    0.000E+00
 19.7500,    0.000E+00,    0.000E+00,    0.000E+00
 19.7667,    0.000E+00,    0.000E+00,    0.000E+00
 19.7833,    0.000E+00,    0.000E+00,    0.000E+00
 19.8000,    0.000E+00,    0.000E+00,    0.000E+00
 19.8167,    0.000E+00,    0.000E+00,    0.000E+00
 19.8333,    0.000E+00,    0.000E+00,    0.000E+00
 19.8500,    0.000E+00,    0.000E+00,    0.000E+00
 19.8667,    0.000E+00,    0.000E+00,    0.000E+00
 19.8833,    0.000E+00,    0.000E+00,    0.000E+00
 19.9000,    0.000E+00,    0.000E+00,    0.000E+00
 19.9167,    0.000E+00,    0.000E+00,    0.000E+00
 19.9333,    0.000E+00,    0.000E+00,    0.000E+00
 19.9500,    0.000E+00,    0.000E+00,    0.000E+00
 19.9667,    0.000E+00,    0.000E+00,    0.000E+00
 19.9833,    0.000E+00,    0.000E+00,    0.000E+00
 20.0000,    0.000E+00,    0.000E+00,    0.000E+00
 20.0167,    0.000E+00,    0.000E+00,    0.000E+00
 20.0333,    0.000E+00,    0.000E+00,    0.000E+00
 20.0500,    0.000E+00,    0.000E+00,    0.000E+00
 20.0667,    0.000E+00,    0.000E+00,    0.000E+00
 20.0833,    0.000E+00,    0.000E+00,    0.000E+00
 20.1000,    0.000E+00,    0.000E+00,    0.000E+00
 20.1167,    0.000E+00,    0.000E+00,    0.000E+00
 20.1333,    0.000E+00,    0.000E+00,    0.000E+00
 20.1500,    0.000E+00,    0.000E+00,    0.000E+00
 20.1667,    0.000E+00,    0.000E+00,    0.000E+00
 20.1833,    0.000E+00,    0.000E+00,    0.000E+00
 20.2000,    0.000E+00,    0.000E+00,    0.000E+00
 20.2167,    0.000E+00,    0.000E+00,    0.000E+00
 20.2333,    0.000E+00,    0.000E+00,    0.000E+00
 20.2500,    0.000E+00,    0.000E+00,    0.000E+00
 20.2667,    0.000E+00,    0.000E+00,    0.000E+00
 20.2833,    0.000E+00,    0.000E+00,    0.000E+00
 20.3000,    0.000E+00,    0.000E+00,    0.000E+00
 20.3167,    0.000E+00,    0.000E+00,    0.000E+00
 20.3333,    0.000E+00,    0.000E+00,    0.000E+00
 20.3500,    0.000E+00,    0.000E+00,    0.000E+00
 20.3667,    0.000E+00,    0.000E+00,    0.000E+00
 20.3833,    0.000E+00,    0.000E+00,    0.000E+00
 20.4000,    0.000E+00,    0.000E+00,    0.000E+00
 20.4167,    0.000E+00,    0.000E+00,    0.000E+00
 20.4333,    0.000E+00,    0.000E+00,    0.000E+00
 20.4500,    0.000E+00,    0.000E+00,    0.000E+00
 20.4667,    0.000E+00,    0.000E+00,    0.000E+00
 20.4833,    0.000E+00,    0.000E+00,    0.000E+00
 20.5000,    0.000E+00,    0.000E+00,    0.000E+00
 20.5167,    0.000E+00,    0.000E+00,    0.000E+00
 20.5333,    0.000E+00,    0.000E+00,    0.000E+00
 20.5500,    0.000E+00,    0.000E+00,    0.000E+00
 20.5667,    0.000E+00,    0.000E+00,    0.000E+00
 20.5833,    0.000E+00,    0.000E+00,    0.000E+00
 20.6000,    0.000E+00,    0.000E+00,    0.000E+00
 20.6167,    0.000E+00,    0.000E+00,    0.000E+00
 20.6333,    0.000E+00,    0.000E+00,    0.000E+00
 20.6500,    0.000E+00,    0.000E+00,    0.000E+00
 20.6667,    0.000E+00,    0.000E+00,    0.000E+00
 20.6833,    0.000E+00,    0.000E+00,    0.000E+00
 20.7000,    0.000E+00,    0.000E+00,    0.000E+00
 20.7167,    0.000E+00,    0.000E+00,    0.000E+00
 20.7333,    0.000E+00,    0.000E+00,    0.000E+00
 20.7500,    0.000E+00,    0.000E+00,    0.000E+00
 20.7667,    0.000E+00,    0.000E+00,    0.000E+00
 20.7833,    0.000E+00,    0.000E+00,    0.000E+00
 20.8000,    0.000E+00,    0.000E+00,    0.000E+00
 20.8167,    0.000E+00,    0.000E+00,    0.000E+00
 20.8333,    0.000E+00,    0.000E+00,    0.000E+00
 20.8500,    0.000E+00,    0.000E+00,    0.000E+00
 20.8667,    0.000E+00,    0.000E+00,    0.000E+00
 20.8833,    0.000E+00,    0.000E+00,    0.000E+00
 20.9000,    0.000E+00,    0.000E+00,    0.000E+00
 20.9167,    0.000E+00,    0.000E+00,    0.000E+00
 20.9333,    0.000E+00,    0.000E+00,    0.000E+00
 20.9500,    0.000E+00,    0.000E+00,    0.000E+00
 20.9667,    0.000E+00,    0.000E+00,    0.000E+00
 20.9833,    0.000E+00,    0.000E+00,    0.000E+00
 21.0000,    0.000E+00,    0.000E+00,    0.000E+00
 21.0167,    0.000E+00,    0.000E+00,    0.000E+00
 21.0333,    0.000E+00,    0.000E+00,    0.000E+00
 21.0500,    0.000E+00,    0.000E+00,    0.000E+00
 21.0667,    0.000E+00,    0.000E+00,    0.000E+00
 21.0833,    0.000E+00,    0.000E+00,    0.000E+00
 21.1000,    0.000E+00,    0.000E+00,    0.000E+00
 21.1167,    0.000E+00,    0.000E+00,    0.000E+00
 21.1333,    0.000E+00,    0.000E+00,    0.000E+00
 21.1500,    0.000E+00,    0.000E+00,    0.000E+00
 21.1667,    0.000E+00,    0.000E+00,    0.000E+00
 21.1833,    0.000E+00,    0.000E+00,    0.000E+00
 21.2000,    0.000E+00,    0.000E+00,    0.000E+00
 21.2167,    0.000E+00,    0.000E+00,    0.000E+00
 21.2333,    0.000E+00,    0.000E+00,    0.000E+00
 21.2500,    0.000E+00,    0.000E+00,    0.000E+00
 21.2667,    0.000E+00,    0.000E+00,    0.000E+00
 21.2833,    0.000E+00,    0.000E+00,    0.000E+00
 21.3000,    0.000E+00,    0.000E+00,    0.000E+00
 21.3167,    0.000E+00,    0.000E+00,    0.000E+00
 21.3333,    0.000E+00,    0.000E+00,    0.000E+00
 21.3500,    0.000E+00,    0.000E+00,    0.000E+00
 21.3667,    0.000E+00,    0.000E+00,    0.000E+00
 21.3833,    0.000E+00,    0.000E+00,    0.000E+00
 21.4000,    0.000E+00,    0.000E+00,    0.000E+00
 21.4167,    0.000E+00,    0.000E+00,    0.000E+00
 21.4333,    0.000E+00,    0.000E+00,    0.000E+00
 21.4500,    0.000E+00,    0.000E+00,    0.000E+00
 21.4667,    0.000E+00,    0.000E+00,    0.000E+00
 21.4833,    0.000E+00,    0.000E+00,    0.000E+00
 21.5000,    0.000E+00,    0.000E+00,    0.000E+00
 21.5167,    0.000E+00,    0.000E+00,    0.000E+00
 21.5333,    0.000E+00,    0.000E+00,    0.000E+00
 21.5500,    0.000E+00,    0.000E+00,    0.000E+00
 21.5667,    0.000E+00,    0.000E+00,    0.000E+00
 21.5833,    0.000E+00,    0.000E+00,    0.000E+00
 21.6000,    0.000E+00,    0.000E+00,    0.000E+00
 21.6167,    0.000E+00,    0.000E+00,    0.000E+00
 21.6333,    0.000E+00,    0.000E+00,    0.000E+00
 21.6500,    0.000E+00,    0.000E+00,    0.000E+00
 21.6667,    0.000E+00,    0.000E+00,    0.000E+00
 21.6833,    0.000E+00,    0.000E+00,    0.000E+00
 21.7000,    0.000E+00,    0.000E+00,    0.000E+00
 21.7167,    0.000E+00,    0.000E+00,    0.000E+00
 21.7333,    0.000E+00,    0.000E+00,    0.000E+00
 21.7500,    0.000E+00,    0.000E+00,    0.000E+00
 21.7667,    0.000E+00,    0.000E+00,    0.000E+00
 21.7833,    0.000E+00,    0.000E+00,    0.000E+00
 21.8000,    0.000E+00,    0.000E+00,    0.000E+00
 21.8167,    0.000E+00,    0.000E+00,    0.000E+00
 21.8333,    0.000E+00,    0.000E+00,    0.000E+00
 21.8500,    0.000E+00,    0.000E+00,    0.000E+00
 21.8667,    0.000E+00,    0.000E+00,    0.000E+00
 21.8833,    0.000E+00,    0.000E+00,    0.000E+00
 21.9000,    0.000E+00,    0.000E+00,    0.000E+00
 21.9167,    0.000E+00,    0.000E+00,    0.000E+00
 21.9333,    0.000E+00,    0.000E+00,    0.000E+00
 21.9500,    0.000E+00,    0.000E+00,    0.000E+00
 21.9667,    0.000E+00,    0.000E+00,    0.000E+00
 21.9833,    0.000E+00,    0.000E+00,    0.000E+00
 22.0000,    0.000E+00,    0.000E+00,    0.000E+00
 22.0167,    0.000E+00,    0.000E+00,    0.000E+00
 22.0333,    0.000E+00,    0.000E+00,    0.000E+00
 22.0500,    0.000E+00,    0.000E+00,    0.000E+00
 22.0667,    0.000E+00,    0.000E+00,    0.000E+00
 22.0833,    0.000E+00,    0.000E+00,    0.000E+00
 22.1000,    0.000E+00,    0.000E+00,    0.000E+00
 22.1167,    0.000E+00,    0.000E+00,    0.000E+00
 22.1333,    0.000E+00,    0.000E+00,    0.000E+00
 22.1500,    0.000E+00,    0.000E+00,    0.000E+00
 22.1667,    0.000E+00,    0.000E+00,    0.000E+00
 22.1833,    0.000E+00,    0.000E+00,    0.000E+00
 22.2000,    0.000E+00,    0.000E+00,    0.000E+00
 22.2167,    0.000E+00,    0.000E+00,    0.000E+00
 22.2333,    0.000E+00,    0.000E+00,    0.000E+00
 22.2500,    0.000E+00,    0.000E+00,    0.000E+00
 22.2667,    0.000E+00,    0.000E+00,    0.000E+00
 22.2833,    0.000E+00,    0.000E+00,    0.000E+00
 22.3000,    0.000E+00,    0.000E+00,    0.000E+00
 22.3167,    0.000E+00,    0.000E+00,    0.000E+00
 22.3333,    0.000E+00,    0.000E+00,    0.000E+00
 22.3500,    0.000E+00,    0.000E+00,    0.000E+00
 22.3667,    0.000E+00,    0.000E+00,    0.000E+00
 22.3833,    0.000E+00,    0.000E+00,    0.000E+00
 22.4000,    0.000E+00,    0.000E+00,    0.000E+00
 22.4167,    0.000E+00,    0.000E+00,    0.000E+00
 22.4333,    0.000E+00,    0.000E+00,    0.000E+00
 22.4500,    0.000E+00,    0.000E+00,    0.000E+00
 22.4667,    0.000E+00,    0.000E+00,    0.000E+00
 22.4833,    0.000E+00,    0.000E+00,    0.000E+00
 22.5000,    0.000E+00,    0.000E+00,    0.000E+00
 22.5167,    0.000E+00,    0.000E+00,    0.000E+00
 22.5333,    0.000E+00,    0.000E+00,    0.000E+00
 22.5500,    0.000E+00,    0.000E+00,    0.000E+00
 22.5667,    0.000E+00,    0.000E+00,    0.000E+00
 22.5833,    0.000E+00,    0.000E+00,    0.000E+00
 22.6000,    0.000E+00,    0.000E+00,    0.000E+00
 22.6167,    0.000E+00,    0.000E+00,    0.000E+00
 22.6333,    0.000E+00,    0.000E+00,    0.000E+00
 22.6500,    0.000E+00,    0.000E+00,    0.000E+00
 22.6667,    0.000E+00,    0.000E+00,    0.000E+00
 22.6833,    0.000E+00,    0.000E+00,    0.000E+00
 22.7000,    0.000E+00,    0.000E+00,    0.000E+00
 22.7167,    0.000E+00,    0.000E+00,    0.000E+00
 22.7333,    0.000E+00,    0.000E+00,    0.000E+00
 22.7500,    0.000E+00,    0.000E+00,    0.000E+00
 22.7667,    0.000E+00,    0.000E+00,    0.000E+00
 22.7833,    0.000E+00,    0.000E+00,    0.000E+00
 22.8000,    0.000E+00,    0.000E+00,    0.000E+00
 22.8167,    0.000E+00,    0.000E+00,    0.000E+00
 22.8333,    0.000E+00,    0.000E+00,    0.000E+00
 22.8500,    0.000E+00,    0.000E+00,    0.000E+00
 22.8667,    0.000E+00,    0.000E+00,    0.000E+00
 22.8833,    0.000E+00,    0.000E+00,    0.000E+00
 22.9000,    0.000E+00,    0.000E+00,    0.000E+00
 22.9167,    0.000E+00,    0.000E+00,    0.000E+00
 22.9333,    0.000E+00,    0.000E+00,    0.000E+00
 22.9500,    0.000E+00,    0.000E+00,    0.000E+00
 22.9667,    0.000E+00,    0.000E+00,    0.000E+00
 22.9833,    0.000E+00,    0.000E+00,    0.000E+00
 23.0000,    0.000E+00,    0.000E+00,    0.000E+00
 23.0167,    0.000E+00,    0.000E+00,    0.000E+00
 23.0333,    0.000E+00,    0.000E+00,    0.000E+00
 23.0500,    0.000E+00,    0.000E+00,    0.000E+00
 23.0667,    0.000E+00,    0.000E+00,    0.000E+00
 23.0833,    0.000E+00,    0.000E+00,    0.000E+00
 23.1000,    0.000E+00,    0.000E+00,    0.000E+00
 23.1167,    0.000E+00,    0.000E+00,    0.000E+00
 23.1333,    0.000E+00,    0.000E+00,    0.000E+00
 23.1500,    0.000E+00,    0.000E+00,    0.000E+00
 23.1667,    0.000E+00,    0.000E+00,    0.000E+00
 23.1833,    0.000E+00,    0.000E+00,    0.000E+00
 23.2000,    0.000E+00,    0.000E+00,    0.000E+00
 23.2167,    0.000E+00,    0.000E+00,    0.000E+00
 23.2333,    0.000E+00,    0.000E+00,    0.000E+00
 23.2500,    0.000E+00,    0.000E+00,    0.000E+00
 23.2667,    0.000E+00,    0.000E+00,    0.000E+00
 23.2833,    0.000E+00,    0.000E+00,    0.000E+00
 23.3000,    0.000E+00,    0.000E+00,    0.000E+00
 23.3167,    0.000E+00,    0.000E+00,    0.000E+00
 23.3333,    0.000E+00,    0.000E+00,    0.000E+00
 23.3500,    0.000E+00,    0.000E+00,    0.000E+00
 23.3667,    0.000E+00,    0.000E+00,    0.000E+00
 23.3833,    0.000E+00,    0.000E+00,    0.000E+00
 23.4000,    0.000E+00,    0.000E+00,    0.000E+00
 23.4167,    0.000E+00,    0.000E+00,    0.000E+00
 23.4333,    0.000E+00,    0.000E+00,    0.000E+00
 23.4500,    0.000E+00,    0.000E+00,    0.000E+00
 23.4667,    0.000E+00,    0.000E+00,    0.000E+00
 23.4833,    0.000E+00,    0.000E+00,    0.000E+00
 23.5000,    0.000E+00,    0.000E+00,    0.000E+00
 23.5167,    0.000E+00,    0.000E+00,    0.000E+00
 23.5333,    0.000E+00,    0.000E+00,    0.000E+00
 23.5500,    0.000E+00,    0.000E+00,    0.000E+00
 23.5667,    0.000E+00,    0.000E+00,    0.000E+00
 23.5833,    0.000E+00,    0.000E+00,    0.000E+00
 23.6000,    0.000E+00,    0.000E+00,    0.000E+00
 23.6167,    0.000E+00,    0.000E+00,    0.000E+00
 23.6333,    0.000E+00,    0.000E+00,    0.000E+00
 23.6500,    0.000E+00,    0.000E+00,    0.000E+00
 23.6667,    0.000E+00,    0.000E+00,    0.000E+00
 23.6833,    0.000E+00,    0.000E+00,    0.000E+00
 23.7000,    0.000E+00,    0.000E+00,    0.000E+00
 23.7167,    0.000E+00,    0.000E+00,    0.000E+00
 23.7333,    0.000E+00,    0.000E+00,    0.000E+00
 23.7500,    0.000E+00,    0.000E+00,    0.000E+00
 23.7667,    0.000E+00,    0.000E+00,    0.000E+00
 23.7833,    0.000E+00,    0.000E+00,    0.000E+00
 23.8000,    0.000E+00,    0.000E+00,    0.000E+00
 23.8167,    0.000E+00,    0.000E+00,    0.000E+00
 23.8333,    0.000E+00,    0.000E+00,    0.000E+00
 23.8500,    0.000E+00,    0.000E+00,    0.000E+00
 23.8667,    0.000E+00,    0.000E+00,    0.000E+00
 23.8833,    0.000E+00,    0.000E+00,    0.000E+00
 23.9000,    0.000E+00,    0.000E+00,    0.000E+00
 23.9167,    0.000E+00,    0.000E+00,    0.000E+00
 23.9333,    0.000E+00,    0.000E+00,    0.000E+00
 23.9500,    0.000E+00,    0.000E+00,    0.000E+00
 23.9667,    0.000E+00,    0.000E+00,    0.000E+00
 23.9833,    0.000E+00,    0.000E+00,    0.000E+00
